playerId,mvpcnt,mvpgold,lahmanID,playerID,managerID,hofID,birthYear,birthMonth,birthDay,birthCountry,birthState,birthCity,deathYear,deathMonth,deathDay,deathCountry,deathState,deathCity,nameFirst,nameLast,nameNote,nameGiven,nameNick,weight,height,bats,throws,debut,finalGame,college,lahman40ID,lahman45ID,retroID,holtzID,bbrefID
aaronha01,1,3,1,aaronha01,,aaronha01h,1934,2,5,USA,AL,Mobile,NULL,NULL,NULL,NULL,NULL,NULL,Hank,Aaron,NULL,"Henry Louis","Hammer,Hammerin' Hank,Bad Henry",180,72.0,R,R,1954-04-13,1976-10-03,,aaronha01,aaronha01,aaroh101,aaronha01,aaronha01
abreubo01,0,1,31,abreubo01,,,1974,3,11,Venezuela,,Maracay,NULL,NULL,NULL,NULL,NULL,NULL,Bobby,Abreu,NULL,"Bob Kelly",NULL,200,72.0,L,R,1996-09-01,NULL,,abreubo01,abreubo01,abreb001,abreubo01,abreubo01
ageeto01,0,2,89,ageeto01,,,1942,8,9,USA,AL,Magnolia,2001,1,22,USA,NY,"New York",Tommie,Agee,NULL,"Tommie Lee",NULL,195,71.0,R,R,1962-09-14,1973-09-30,,ageeto01,ageeto01,ageet101,ageeto01,ageeto01
allendi01,1,0,153,allendi01,,allendi01h,1942,3,8,USA,PA,Wampum,NULL,NULL,NULL,NULL,NULL,NULL,Dick,Allen,"Also played as Richie Allen","Richard Anthony","Wampum Walloper,Richie",190,71.0,R,R,1963-09-03,1977-06-19,,allendi01,allendi01,alled101,allendi01,allendi01
alleyge01,0,2,176,alleyge01,,,1940,7,10,USA,VA,Richmond,NULL,NULL,NULL,NULL,NULL,NULL,Gene,Alley,NULL,"Leonard Eugene",NULL,165,72.0,R,R,1963-09-04,1973-09-27,,alleyge01,alleyge01,alleg101,alleyge01,alleyge01
alomaro01,0,10,196,alomaro01,,,1968,2,5,P.R.,NULL,Ponce,NULL,NULL,NULL,NULL,NULL,NULL,Roberto,Alomar,NULL,"Roberto (Velazquez)",NULL,185,72.0,B,R,1988-04-22,2004-09-05,,alomaro01,alomaro01,alomr001,alomaro01,alomaro01
alomasa02,0,1,197,alomasa02,,,1966,6,18,P.R.,,Salinas,NULL,NULL,NULL,NULL,NULL,NULL,Sandy,Alomar,NULL,"Santos (Velazquez) (Jr.)",NULL,215,77.0,R,R,1988-09-30,2007-09-30,,alomasa02,alomasa02,aloms001,alomasa02,alomasa02
amaroru01,0,1,231,amaroru01,,,1936,1,6,Mexico,30,Veracruz,NULL,NULL,NULL,NULL,NULL,NULL,Ruben,Amaro,NULL,"Ruben (Sr.) (Mora)",NULL,170,71.0,R,R,1958-06-29,1969-09-28,,amaroru01,amaroru01,amarr101,amaroru01,amaroru01
andujjo01,0,1,298,andujjo01,,,1952,12,21,D.R.,NULL,"San Pedro de Macoris",NULL,NULL,NULL,NULL,NULL,NULL,Joaquin,Andujar,NULL,Joaquin,NULL,180,72.0,B,R,1976-04-08,1988-09-30,,andujjo01,andujjo01,anduj001,andujjo01,andujjo01
aparilu01,0,9,311,aparilu01,,aparilu01h,1934,4,29,Venezuela,NULL,Maracaibo,NULL,NULL,NULL,NULL,NULL,NULL,Luis,Aparicio,NULL,"Luis Ernesto (Montiel)","Little Louie",160,69.0,R,R,1956-04-17,1973-09-28,,aparilu01,aparilu01,aparl101,aparilu01,aparilu01
ausmubr01,0,3,413,ausmubr01,,,1969,4,14,USA,CT,"New Haven",NULL,NULL,NULL,NULL,NULL,NULL,Brad,Ausmus,NULL,"Bradley David",NULL,195,71.0,R,R,1993-07-28,NULL,,ausmubr01,ausmubr01,ausmb001,ausmubr01,ausmubr01
bagweje01,1,1,465,bagweje01,,,1968,5,27,USA,MA,Boston,NULL,NULL,NULL,NULL,NULL,NULL,Jeff,Bagwell,NULL,"Jeffrey Robert",BagPipes,195,72.0,R,R,1991-04-08,2005-10-02,Hartford,bagweje01,bagweje01,bagwj001,bagweje01,bagweje01
bakerdu01,0,1,503,bakerdu01,bakerdu01m,bakerdu01h,1949,6,15,USA,CA,Riverside,NULL,NULL,NULL,NULL,NULL,NULL,Dusty,Baker,NULL,"Johnnie B. (Jr.)",NULL,187,74.0,R,R,1968-09-07,1986-10-04,"American River JC",bakerdu01,bakerdu01,baked002,bakerdu01,bakerdu01
bankser01,2,1,571,bankser01,,bankser01h,1931,1,31,USA,TX,Dallas,NULL,NULL,NULL,NULL,NULL,NULL,Ernie,Banks,NULL,Ernest,"Mr. Cub",180,73.0,R,R,1953-09-17,1971-09-26,,bankser01,bankser01,banke101,bankser01,bankser01
barfije01,0,2,599,barfije01,,,1959,10,29,USA,IL,Joliet,NULL,NULL,NULL,NULL,NULL,NULL,Jesse,Barfield,NULL,"Jesse Lee",NULL,205,73.0,R,R,1981-09-03,1992-06-17,,barfije01,barfije01,barfj001,barfije01,barfije01
batteea01,0,3,740,batteea01,,,1935,1,5,USA,CA,"Los Angeles",2003,11,15,USA,FL,Ocala,Earl,Battey,NULL,"Earl Jesse (Jr.)",NULL,205,73.0,R,R,1955-09-10,1967-09-27,,batteea01,batteea01,batte101,batteea01,batteea01
baylodo01,1,0,771,baylodo01,baylodo01m,baylodo01h,1949,6,28,USA,TX,Austin,NULL,NULL,NULL,NULL,NULL,NULL,Don,Baylor,NULL,"Don Edward",NULL,195,73.0,R,R,1970-09-18,1988-10-01,"Blinn JC",baylodo01,baylodo01,bayld001,baylodo01,baylodo01
beckegl01,0,1,826,beckegl01,,beckegl01h,1940,10,12,USA,PA,Pittsburgh,NULL,NULL,NULL,NULL,NULL,NULL,Glenn,Beckert,NULL,"Glenn Alfred",NULL,190,73.0,R,R,1965-04-12,1975-04-27,,beckegl01,beckegl01,beckg101,beckegl01,beckegl01
belanma01,0,8,861,belanma01,,belanma01h,1944,6,8,USA,MA,Pittsfield,1998,10,6,USA,NY,"New York",Mark,Belanger,NULL,"Mark Henry",NULL,170,73.0,R,R,1965-08-07,1982-10-02,,belanma01,belanma01,belam101,belanma01,belanma01
bellbu01,0,6,872,bellbu01,bellbu01m,bellbu01h,1951,8,27,USA,PA,Pittsburgh,NULL,NULL,NULL,NULL,NULL,NULL,Buddy,Bell,NULL,"David Gus",NULL,185,74.0,R,R,1972-04-15,1989-06-17,"Miami (FL)",bellbu01,bellbu01,bellb001,bellbu01,bellbu01
bellge02,1,0,882,bellge02,,bellge02h,1959,10,21,D.R.,,"San Pedro de Macoris",NULL,NULL,NULL,NULL,NULL,NULL,George,Bell,NULL,"George Antonio (Mathey)",Liberty,190,73.0,R,R,1981-04-09,1993-10-02,,bellge02,bellge02,bellg001,bellge02,bellge02
bellja01,0,1,885,bellja01,,bellja01h,1965,12,11,USA,FL,"Eglin A.F.B.",NULL,NULL,NULL,NULL,NULL,NULL,Jay,Bell,NULL,"Jay Stuart",NULL,185,73.0,R,R,1986-09-29,2003-09-28,,bellja01,bellja01,bellj001,bellja01,bellja01
beltrad01,0,2,907,beltrad01,,,1979,4,7,D.R.,,"Santo Domingo",NULL,NULL,NULL,NULL,NULL,NULL,Adrian,Beltre,NULL,"Adrian (Perez)",NULL,170,71.0,R,R,1998-06-24,NULL,,beltrad01,beltrad01,belta001,beltrad01,beltrad01
beltrca01,0,3,905,beltrca01,,,1977,4,24,P.R.,,Manati,NULL,NULL,NULL,NULL,NULL,NULL,Carlos,Beltran,NULL,NULL,NULL,190,73.0,B,R,1998-09-14,NULL,,beltrca01,beltrca01,beltc001,beltrca01,beltrca01
benchjo01,2,10,912,benchjo01,,benchjo01h,1947,12,7,USA,OK,"Oklahoma City",NULL,NULL,NULL,NULL,NULL,NULL,Johnny,Bench,NULL,"Johnny Lee","Little General",208,73.0,R,R,1967-08-28,1983-09-29,,benchjo01,benchjo01,bencj101,benchjo01,benchjo01
beniqju01,0,1,921,beniqju01,,,1950,5,13,P.R.,NULL,"San Sebastian",NULL,NULL,NULL,NULL,NULL,NULL,Juan,Beniquez,NULL,"Juan Jose (Torres)",NULL,165,71.0,R,R,1971-09-04,1988-05-30,,beniqju01,beniqju01,benij001,beniqju01,beniqju01
berrayo01,3,0,997,berrayo01,berrayo01m,berrayo01h,1925,5,12,USA,MO,"St. Louis",NULL,NULL,NULL,NULL,NULL,NULL,Yogi,Berra,NULL,"Lawrence Peter",NULL,194,68.0,L,R,1946-09-22,1965-05-09,,berrayo01,berrayo01,berry101,berrayo01,berrayo01
berryke01,0,2,1008,berryke01,,,1941,5,10,USA,MO,"Kansas City",NULL,NULL,NULL,NULL,NULL,NULL,Ken,Berry,NULL,"Allen Kent",NULL,180,71.0,R,R,1962-09-09,1975-05-31,,berryke01,berryke01,berrk101,berryke01,berryke01
biggicr01,0,4,1067,biggicr01,,,1965,12,14,USA,NY,Smithtown,NULL,NULL,NULL,NULL,NULL,NULL,Craig,Biggio,NULL,"Craig Alan",NULL,180,71.0,R,R,1988-06-26,2007-09-30,"Seton Hall",biggicr01,biggicr01,biggc001,biggicr01,biggicr01
blairpa01,0,8,1140,blairpa01,,blairpa01h,1944,2,1,USA,OK,Cushing,NULL,NULL,NULL,NULL,NULL,NULL,Paul,Blair,NULL,"Paul L D",Motormouth,171,72.0,R,R,1964-09-09,1980-06-20,,blairpa01,blairpa01,blaip101,blairpa01,blairpa01
bluevi01,1,0,1202,bluevi01,,bluevi01h,1949,7,28,USA,LA,Mansfield,NULL,NULL,NULL,NULL,NULL,NULL,Vida,Blue,NULL,"Vida Rochelle (Jr.)",NULL,189,72.0,B,L,1969-07-20,1986-10-02,Southern,bluevi01,bluevi01,bluev001,bluevi01,bluevi01
boddimi01,0,1,1224,boddimi01,,,1957,8,23,USA,IA,"Cedar Rapids",NULL,NULL,NULL,NULL,NULL,NULL,Mike,Boddicker,NULL,"Michael James",NULL,172,71.0,R,R,1980-10-04,1993-06-13,Iowa,boddimi01,boddimi01,boddm001,boddimi01,boddimi01
boggswa01,0,2,1238,boggswa01,,boggswa01h,1958,6,15,USA,NE,Omaha,NULL,NULL,NULL,NULL,NULL,NULL,Wade,Boggs,NULL,"Wade Anthony",NULL,197,74.0,L,R,1982-04-10,1999-08-27,"Hillsborough JC",boggswa01,boggswa01,boggw001,boggswa01,boggswa01
bollifr01,0,1,1262,bollifr01,,,1931,11,16,USA,AL,Mobile,NULL,NULL,NULL,NULL,NULL,NULL,Frank,Bolling,NULL,"Frank Elmore",NULL,175,73.0,R,R,1954-04-13,1966-09-15,,bollifr01,bollifr01,bollf101,bollifr01,bollifr01
bondsba01,7,8,1274,bondsba01,,,1964,7,24,USA,CA,Riverside,NULL,NULL,NULL,NULL,NULL,NULL,Barry,Bonds,NULL,"Barry Lamar",NULL,228,73.0,L,L,1986-05-30,2007-09-26,"Arizona State",bondsba01,bondsba01,bondb001,bondsba01,bondsba01
bondsbo01,0,3,1275,bondsbo01,,bondsbo01h,1946,3,15,USA,CA,Riverside,2003,8,23,USA,CA,"San Carlos",Bobby,Bonds,NULL,"Bobby Lee",NULL,190,73.0,R,R,1968-06-25,1981-10-04,,bondsbo01,bondsbo01,bondb101,bondsbo01,bondsbo01
boonebo01,0,7,1300,boonebo01,boonebo01m,boonebo01h,1947,11,19,USA,CA,"San Diego",NULL,NULL,NULL,NULL,NULL,NULL,Bob,Boone,NULL,"Robert Raymond",NULL,202,74.0,R,R,1972-09-10,1990-09-27,Stanford,boonebo01,boonebo01,boonb001,boonebo01,boonebo01
boonebr01,0,4,1301,boonebr01,,,1969,4,6,USA,CA,ElCajon,NULL,NULL,NULL,NULL,NULL,NULL,Bret,Boone,NULL,"Bret Robert",NULL,180,70.0,R,R,1992-08-19,2005-07-30,USC,boonebr01,boonebr01,boonb002,boonebr01,boonebr01
bottoji01,1,0,1353,bottoji01,bottoji01m,bottoji01h,1900,4,23,USA,IL,Oglesby,1959,12,11,USA,MO,St.Louis,Jim,Bottomley,NULL,"James Leroy","Sunny Jim",180,72.0,L,L,1922-08-18,1937-09-16,,bottoji01,bottoji01,bottj101,bottoji01,bottoji01
boudrlo01,1,0,1359,boudrlo01,boudrlo01m,boudrlo01h,1917,7,17,USA,IL,Harvey,2001,8,10,USA,IL,Frankfort,Lou,Boudreau,NULL,Louis,NULL,185,71.0,R,R,1938-09-09,1952-08-24,,boudrlo01,boudrlo01,boudl101,boudrlo01,boudrlo01
bournmi01,0,1,17886,bournmi01,,,1982,12,27,USA,TX,Houston,NULL,NULL,NULL,NULL,NULL,NULL,Michael,Bourn,NULL,"Michael Ray",NULL,180,71.0,L,R,2006-07-30,NULL,Houston,NULL,NULL,bourm001,NULL,bournmi01
bowala01,0,2,1368,bowala01,bowala01m,bowala01h,1945,12,6,USA,CA,Sacramento,NULL,NULL,NULL,NULL,NULL,NULL,Larry,Bowa,NULL,"Lawrence Robert",NULL,155,70.0,B,R,1970-04-07,1985-10-06,"Sacramento CC",bowala01,bowala01,bowal001,bowala01,bowala01
boyercl02,0,1,1409,boyercl02,,boyercl02h,1937,2,9,USA,MO,Cassville,2007,6,4,USA,GA,Atlanta,Clete,Boyer,NULL,"Cletis Leroy",NULL,182,72.0,R,R,1955-06-05,1971-05-23,,boyercl02,boyercl02,boyec102,boyercl02,boyercl02
boyerke01,1,5,1411,boyerke01,boyerke01m,boyerke01h,1931,5,20,USA,MO,Liberty,1982,9,7,USA,MO,St.Louis,Ken,Boyer,NULL,"Kenton Lloyd",NULL,200,74.0,R,R,1955-04-12,1969-08-09,,boyerke01,boyerke01,boyek101,boyerke01,boyerke01
brandja01,0,1,1482,brandja01,,,1934,4,28,USA,NE,Omaha,NULL,NULL,NULL,NULL,NULL,NULL,Jackie,Brandt,NULL,"John George (Jr.)",NULL,170,71.0,R,R,1956-04-21,1967-09-02,,brandja01,brandja01,branj101,brandja01,brandja01
brettge01,1,1,1532,brettge01,,brettge01h,1953,5,15,USA,WV,"Glen Dale",NULL,NULL,NULL,NULL,NULL,NULL,George,Brett,NULL,"George Howard",Mullet,200,72.0,L,R,1973-08-02,1993-10-03,"El Camino JC",brettge01,brettge01,bretg001,brettge01,brettge01
brinked01,0,1,1570,brinked01,,,1941,12,8,USA,OH,Cincinnati,NULL,NULL,NULL,NULL,NULL,NULL,Ed,Brinkman,NULL,"Edwin Albert",NULL,170,72.0,R,R,1961-09-06,1975-09-28,,brinked01,brinked01,brine101,brinked01,brinked01
brosisc01,0,1,1613,brosisc01,,brosisc01h,1966,8,15,USA,OR,Hillsboro,NULL,NULL,NULL,NULL,NULL,NULL,Scott,Brosius,NULL,"Scott David",NULL,185,73.0,R,R,1991-08-07,2001-10-06,Linfield,brosisc01,brosisc01,bross001,brosisc01,brosisc01
buehrma01,0,1,1778,buehrma01,,,1979,3,23,USA,MO,"St. Charles",NULL,NULL,NULL,NULL,NULL,NULL,Mark,Buehrle,NULL,"Mark Alan",NULL,200,74.0,L,L,2000-07-16,NULL,"Jefferson St. JC",buehrma01,buehrma01,buehm001,buehrma01,buehrma01
buhneja01,0,1,1786,buhneja01,,buhneja01h,1964,8,13,USA,KY,Louisville,NULL,NULL,NULL,NULL,NULL,NULL,Jay,Buhner,NULL,"Jay Campbell",Bone,205,75.0,R,R,1987-09-11,2001-10-07,"McClennan CC",buhneja01,buhneja01,buhnj001,buhneja01,buhneja01
burksel01,0,1,1850,burksel01,,,1964,9,11,USA,MS,Vicksburg,NULL,NULL,NULL,NULL,NULL,NULL,Ellis,Burks,NULL,"Ellis Rena",NULL,205,74.0,R,R,1987-04-30,2004-10-02,"Ranger JC",burksel01,burksel01,burke001,burksel01,burksel01
burleri01,0,1,1851,burleri01,,,1951,4,29,USA,CA,Lynwood,NULL,NULL,NULL,NULL,NULL,NULL,Rick,Burleson,NULL,"Richard Paul",Rooster,165,70.0,R,R,1974-05-04,1987-07-08,"Cerritos JC",burleri01,burleri01,burlr001,burleri01,burleri01
burnsge02,1,0,1867,burnsge02,,,1893,1,31,USA,OH,Niles,1978,1,7,USA,WA,Kirkland,George,Burns,NULL,"George Henry","Tioga George",180,NULL,R,R,1914-04-14,1929-09-26,,burnsge02,burnsge02,burng102,burnsge02,burnsge02
burroje01,1,0,1890,burroje01,,burroje01h,1951,3,7,USA,CA,"Long Beach",NULL,NULL,NULL,NULL,NULL,NULL,Jeff,Burroughs,NULL,"Jeffrey Alan",NULL,200,73.0,R,R,1970-07-20,1985-10-06,"Long Beach City Coll.",burroje01,burroje01,burrj001,burroje01,burroje01
cabreor01,0,2,1976,cabreor01,,,1974,11,2,Colombia,,Cartagena,NULL,NULL,NULL,NULL,NULL,NULL,Orlando,Cabrera,NULL,"Orlando Luis","the O.C.",165,71.0,R,R,1997-09-03,NULL,,cabreor01,cabreor01,cabro001,cabreor01,cabreor01
camermi01,0,3,2031,camermi01,,,1973,1,8,USA,GA,LaGrange,NULL,NULL,NULL,NULL,NULL,NULL,Mike,Cameron,NULL,"Michael Terrance",Cammy,170,73.0,R,R,1995-08-27,NULL,,camermi01,camermi01,camem001,camermi01,camermi01
camildo01,1,0,2032,camildo01,,camildo01h,1907,4,23,USA,CA,"San Francisco",1997,10,21,USA,CA,"San Mateo",Dolph,Camilli,NULL,"Adolph Louis",NULL,185,70.0,L,L,1933-09-09,1945-09-23,,camildo01,camildo01,camid102,camildo01,camildo01
caminke01,1,3,2035,caminke01,,caminke01h,1963,4,21,USA,CA,Hanford,2004,10,10,USA,NY,"New York",Ken,Caminiti,NULL,"Kenneth Gene",NULL,200,72.0,B,R,1987-07-16,2001-10-07,"San Jose State",caminke01,caminke01,camik001,caminke01,caminke01
camparo01,3,0,2044,camparo01,,camparo01h,1921,11,19,USA,PA,Philadelphia,1993,6,26,USA,CA,"Woodland Hills",Roy,Campanella,NULL,Roy,Campy,200,68.0,R,R,1948-04-20,1957-09-29,,camparo01,camparo01,campr102,camparo01,camparo01
cansejo01,1,0,2092,cansejo01,,cansejo01h,1964,7,2,Cuba,,Havana,NULL,NULL,NULL,NULL,NULL,NULL,Jose,Canseco,NULL,"Jose (Capas) (Jr.)",NULL,240,76.0,R,R,1985-09-02,2001-10-06,,cansejo01,cansejo01,cansj001,cansejo01,cansejo01
cardele01,0,1,2113,cardele01,,cardele01h,1938,12,17,Cuba,NULL,Matanzas,NULL,NULL,NULL,NULL,NULL,NULL,Leo,Cardenas,NULL,"Leonardo Lazaro (Alfonso)","Chico,Mr. Automatic",163,70.0,R,R,1960-07-25,1975-09-26,,cardele01,cardele01,cardl101,cardele01,cardele01
carewro01,1,0,2118,carewro01,,carewro01h,1945,10,1,Panama,Ca,Gatun,NULL,NULL,NULL,NULL,NULL,NULL,Rod,Carew,NULL,"Rodney Cline",NULL,182,72.0,L,R,1967-04-11,1985-10-05,,carewro01,carewro01,carer001,carewro01,carewro01
carltst01,0,1,2140,carltst01,,carltst01h,1944,12,22,USA,FL,Miami,NULL,NULL,NULL,NULL,NULL,NULL,Steve,Carlton,NULL,"Steven Norman",Lefty,210,76.0,L,L,1965-04-12,1988-04-23,,carltst01,carltst01,carls001,carltst01,carltst01
cartega01,0,3,2195,cartega01,,cartega01h,1954,4,8,USA,CA,"Culver City",NULL,NULL,NULL,NULL,NULL,NULL,Gary,Carter,NULL,"Gary Edmund",Kid,215,74.0,R,R,1974-09-16,1992-09-27,,cartega01,cartega01,cartg001,cartega01,cartega01
castilu01,0,3,2253,castilu01,,,1975,9,12,D.R.,NULL,"San Pedro de Macoris",NULL,NULL,NULL,NULL,NULL,NULL,Luis,Castillo,NULL,"Luis Antonio (Donato)",NULL,145,71.0,B,R,1996-08-08,NULL,"Colegio San Benito Abad",castilu01,castilu01,castl001,castilu01,castilu01
cavarph01,1,0,2285,cavarph01,cavarph01m,cavarph01h,1916,7,19,USA,IL,Chicago,NULL,NULL,NULL,NULL,NULL,NULL,Phil,Cavarretta,NULL,"Philip Joseph",Philliabuck,175,NULL,L,L,1934-09-16,1955-05-08,,cavarph01,cavarph01,cavap101,cavarph01,cavarph01
cedence01,0,5,2293,cedence01,,cedence01h,1951,2,25,D.R.,NULL,"Santo Domingo",NULL,NULL,NULL,NULL,NULL,NULL,Cesar,Cedeno,NULL,"Cesar (Encarnacion)",NULL,195,74.0,R,R,1970-06-20,1986-06-02,,cedence01,cedence01,cedec001,cedence01,cedence01
cepedor01,1,0,2297,cepedor01,,cepedor01h,1937,9,17,P.R.,NULL,Ponce,NULL,NULL,NULL,NULL,NULL,NULL,Orlando,Cepeda,NULL,"Orlando Manuel (Penne)","Cha Cha,Baby Bull",210,74.0,R,R,1958-04-15,1974-09-19,,cepedor01,cepedor01,cepeo101,cepedor01,cepedor01
chambch01,0,1,2322,chambch01,,,1948,12,26,USA,OH,Dayton,NULL,NULL,NULL,NULL,NULL,NULL,Chris,Chambliss,NULL,"Carroll Christopher",NULL,NULL,NULL,L,R,1971-05-28,1988-05-08,"Montclair State",chambch01,chambch01,chamc001,chambch01,chambch01
chandsp01,1,0,2330,chandsp01,,chandsp01h,1907,9,12,USA,GA,Commerce,1990,1,9,USA,FL,S.Pasadena,Spud,Chandler,NULL,"Spurgeon Ferdinand",NULL,181,72.0,R,R,1937-05-06,1947-09-26,,chandsp01,chandsp01,chans101,chandsp01,chandsp01
chaveer01,0,6,2368,chaveer01,,,1977,12,7,USA,CA,"Los Angeles",NULL,NULL,NULL,NULL,NULL,NULL,Eric,Chavez,NULL,NULL,NULL,204,72.0,L,R,1998-09-08,NULL,,chaveer01,chaveer01,chave001,chaveer01,chaveer01
clarkwi02,0,1,2507,clarkwi02,,clarkwi02h,1964,3,13,USA,LA,"New Orleans",NULL,NULL,NULL,NULL,NULL,NULL,Will,Clark,NULL,"William Nuschler (Jr.)","the Thrill",190,73.0,L,L,1986-04-08,2000-10-01,"Mississippi State",clarkwi02,clarkwi02,clarw001,clarkwi02,clarkwi02
clemero01,1,12,2553,clemero01,,clemero01h,1934,8,18,P.R.,,Carolina,1972,12,31,"in a plane crash at sea",,NULL,Roberto,Clemente,NULL,"Roberto (Walker)","Arriba, Bob",175,71.0,R,R,1955-04-17,1972-10-03,,clemero01,clemero01,clemr101,clemero01,clemero01
clemero02,1,0,2548,clemero02,,,1962,8,4,USA,OH,Dayton,NULL,NULL,NULL,NULL,NULL,NULL,Roger,Clemens,NULL,"William Roger",Rocket,220,76.0,R,R,1984-05-15,2007-09-16,Texas,clemero02,clemero02,clemr001,clemero02,clemero02
cobbty01,1,0,2593,cobbty01,cobbty01m,cobbty01h,1886,12,18,USA,GA,Narrows,1961,7,17,USA,GA,Atlanta,Ty,Cobb,NULL,"Tyrus Raymond","The Georgia Peach",175,73.0,L,R,1905-08-30,1928-09-11,,cobbty01,cobbty01,cobbt101,cobbty01,cobbty01
cochrmi01,2,0,2599,cochrmi01,cochrmi01m,cochrmi01h,1903,4,6,USA,MA,Bridgewater,1962,6,28,USA,IL,"Lake Forest",Mickey,Cochrane,NULL,"Gordon Stanley","Black Mike",180,NULL,L,R,1925-04-14,1937-05-25,,cochrmi01,cochrmi01,cochm101,cochrmi01,cochrmi01
collied01,1,0,2673,collied01,collied01m,collied01h,1887,5,2,USA,NY,Millerton,1951,3,25,USA,MA,Boston,Eddie,Collins,NULL,"Edward Trowbridge (Sr.)",Cocky,175,69.0,L,R,1906-09-17,1930-08-02,,collied01,collied01,colle101,collied01,collied01
conceda01,0,5,2718,conceda01,,conceda01h,1948,6,17,Venezuela,,"Ocumare de la Costa",NULL,NULL,NULL,NULL,NULL,NULL,Dave,Concepcion,NULL,"David Ismael (Benitez)",NULL,180,73.0,R,R,1970-04-06,1988-09-15,"Augustin Codazzi",conceda01,conceda01,concd001,conceda01,conceda01
coopece01,0,2,2824,coopece01,coopece01m,,1949,12,20,USA,TX,Brenham,NULL,NULL,NULL,NULL,NULL,NULL,Cecil,Cooper,NULL,"Cecil Celester",NULL,190,74.0,L,L,1971-09-08,1987-07-12,"Prairie View A&M",coopece01,coopece01,coopc001,coopece01,coopece01
coopemo01,1,0,2830,coopemo01,,coopemo01h,1913,3,2,USA,MO,Atherton,1958,11,17,USA,AR,"Little Rock",Mort,Cooper,NULL,"Morton Cecil",NULL,210,74.0,R,R,1938-09-14,1949-05-07,,coopemo01,coopemo01,coopm101,coopemo01,coopemo01
cowenal01,0,1,2932,cowenal01,,,1951,10,25,USA,CA,"Los Angeles",2002,3,11,USA,CA,Downey,Al,Cowens,NULL,"Alfred Edward (Jr.)","A. C.",200,74.0,R,R,1974-04-06,1986-06-08,,cowenal01,cowenal01,cowea001,cowenal01,cowenal01
crandde01,0,4,2973,crandde01,crandde01m,crandde01h,1930,3,5,USA,CA,Ontario,NULL,NULL,NULL,NULL,NULL,NULL,Del,Crandall,NULL,"Delmar Wesley",NULL,195,73.0,R,R,1949-06-17,1966-09-25,,crandde01,crandde01,crand102,crandde01,crandde01
cruzjo02,0,1,3101,cruzjo02,,,1974,4,19,P.R.,,Arroyo,NULL,NULL,NULL,NULL,NULL,NULL,Jose,Cruz,NULL,"Jose Luis (Jr.)",NULL,190,72.0,B,R,1997-05-31,2008-06-05,Rice,cruzjo02,cruzjo02,cruzj004,cruzjo02,cruzjo02
darliro01,0,1,3257,darliro01,,darliro01h,1960,8,19,USA,HI,Honolulu,NULL,NULL,NULL,NULL,NULL,NULL,Ron,Darling,NULL,"Ronald Maurice",NULL,195,75.0,R,R,1983-09-06,1995-08-15,Yale,darliro01,darliro01,darlr001,darliro01,darliro01
daubeja01,1,0,3274,daubeja01,,daubeja01h,1884,4,7,USA,PA,Shamokin,1924,10,9,USA,OH,Cincinnati,Jake,Daubert,NULL,"Jacob Ellsworth",NULL,160,NULL,L,L,1910-04-14,1924-09-20,,daubeja01,daubeja01,daubj101,daubeja01,daubeja01
davalvi01,0,1,3281,davalvi01,,,1936,7,31,Venezuela,NULL,Cabimas,NULL,NULL,NULL,NULL,NULL,NULL,Vic,Davalillo,NULL,"Victor Jose (Romero)",NULL,155,67.0,L,L,1963-04-09,1980-10-06,,davalvi01,davalvi01,davav101,davalvi01,davalvi01
davenji01,0,1,3287,davenji01,davenji01m,,1933,8,17,USA,AL,Siluria,NULL,NULL,NULL,NULL,NULL,NULL,Jim,Davenport,NULL,"James Houston",NULL,175,71.0,R,R,1958-04-15,1970-06-23,,davenji01,davenji01,davej101,davenji01,davenji01
daviser01,0,3,3322,daviser01,,daviser01h,1962,5,29,USA,CA,"Los Angeles",NULL,NULL,NULL,NULL,NULL,NULL,Eric,Davis,NULL,"Eric Keith",NULL,185,75.0,R,R,1984-05-19,2001-10-07,,daviser01,daviser01,davie001,daviser01,daviser01
davisjo02,0,1,3333,davisjo02,,,1956,11,12,USA,GA,Gainesville,NULL,NULL,NULL,NULL,NULL,NULL,Jody,Davis,NULL,"Jody Richard",NULL,210,75.0,R,R,1981-04-21,1990-05-13,"Middle Georgia",davisjo02,davisjo02,davij001,davisjo02,davisjo02
daviswi02,0,3,3361,daviswi02,,,1940,4,15,USA,AR,"Mineral Springs",NULL,NULL,NULL,NULL,NULL,NULL,Willie,Davis,NULL,"William Henry",3-Dog,181,74.0,L,L,1960-09-08,1979-09-30,,daviswi02,daviswi02,daviw102,daviswi02,daviswi02
dawsoan01,1,8,3367,dawsoan01,,dawsoan01h,1954,7,10,USA,FL,Miami,NULL,NULL,NULL,NULL,NULL,NULL,Andre,Dawson,NULL,"Andre Nolan",Hawk,195,75.0,R,R,1976-09-11,1996-09-29,"Florida A&M",dawsoan01,dawsoan01,dawsa001,dawsoan01,dawsoan01
deandi01,1,0,3393,deandi01,,deandi01h,1910,1,16,USA,AR,Lucas,1974,7,17,USA,NV,Reno,Dizzy,Dean,NULL,"Jay Hanna",NULL,182,74.0,R,R,1930-09-28,1947-09-28,,deandi01,deandi01,deand102,deandi01,deandi01
dernibo01,0,1,3507,dernibo01,,,1957,1,5,USA,MO,"Kansas City",NULL,NULL,NULL,NULL,NULL,NULL,Bob,Dernier,NULL,"Robert Eugene",NULL,165,72.0,R,R,1980-09-07,1989-10-01,"Longview CC",dernibo01,dernibo01,dernb001,dernibo01,dernibo01
dimagjo01,3,0,3607,dimagjo01,,dimagjo01h,1914,11,25,USA,CA,Martinez,1999,3,8,USA,FL,Hollywood,Joe,DiMaggio,"born as Giuseppe Paolo DiMaggio","Joseph Paul (Jr.)","Joltin' Joe,The Yankee Clipper",193,74.0,R,R,1936-05-03,1951-09-30,,dimagjo01,dimagjo01,dimaj101,dimagjo01,dimagjo01
doylela01,1,0,3769,doylela01,,doylela01h,1886,7,31,USA,IL,Caseyville,1974,3,1,USA,NY,"Saranac Lake",Larry,Doyle,NULL,"Lawrence Joseph","Laughing Larry",165,70.0,L,R,1907-07-22,1920-10-02,,doylela01,doylela01,doyll101,doylela01,doylela01
dyeje01,0,1,3928,dyeje01,,,1974,1,28,USA,CA,Oakland,NULL,NULL,NULL,NULL,NULL,NULL,Jermaine,Dye,NULL,"Jermaine Terrell",NULL,210,76.0,R,R,1996-05-17,NULL,"Consumnes River CC",dyeje01,dyeje01,dye-j001,dyeje01,dyeje01
eckerde01,1,0,3979,eckerde01,,eckerde01h,1954,10,3,USA,CA,Oakland,NULL,NULL,NULL,NULL,NULL,NULL,Dennis,Eckersley,NULL,"Dennis Lee",Eck,190,74.0,R,R,1975-04-12,1998-09-26,,eckerde01,eckerde01,ecked001,eckerde01,eckerde01
edmonji01,0,8,3998,edmonji01,,,1970,6,27,USA,CA,Fullerton,NULL,NULL,NULL,NULL,NULL,NULL,Jim,Edmonds,NULL,"James Patrick",NULL,190,73.0,L,L,1993-09-09,2008-09-26,,edmonji01,edmonji01,edmoj001,edmonji01,edmonji01
edwarjo01,0,2,4012,edwarjo01,,,1938,6,10,USA,OH,Columbus,NULL,NULL,NULL,NULL,NULL,NULL,Johnny,Edwards,NULL,"John Alban",NULL,220,76.0,L,R,1961-06-27,1974-10-02,,edwarjo01,edwarjo01,edwaj101,edwarjo01,edwarjo01
elliobo01,1,0,4060,elliobo01,elliobo01m,elliobo01h,1916,11,26,USA,CA,"San Diego",1966,5,4,USA,CA,"San Diego",Bob,Elliott,NULL,"Robert Irving","Mr. Team",185,72.0,R,R,1939-09-02,1953-07-16,,elliobo01,elliobo01,ellib103,elliobo01,elliobo01
erstada01,0,3,4149,erstada01,,,1974,6,4,USA,ND,Jamestown,NULL,NULL,NULL,NULL,NULL,NULL,Darin,Erstad,NULL,"Darin Charles",NULL,195,74.0,L,L,1996-06-14,NULL,Nebraska,erstada01,erstada01,erstd001,erstada01,erstada01
evansdw01,0,8,4206,evansdw01,,evansdw01h,1951,11,3,USA,CA,"Santa Monica",NULL,NULL,NULL,NULL,NULL,NULL,Dwight,Evans,NULL,"Dwight Michael",Dewey,205,74.0,R,R,1972-09-16,1991-10-06,,evansdw01,evansdw01,evand002,evansdw01,evansdw01
eversjo01,1,0,4219,eversjo01,eversjo01m,eversjo01h,1881,7,21,USA,NY,Troy,1947,3,28,USA,NY,Albany,Johnny,Evers,NULL,"John Joseph","Crab,Trojan",125,69.0,L,R,1902-09-01,1929-10-06,,eversjo01,eversjo01,everj102,eversjo01,eversjo01
fernato01,0,4,4354,fernato01,,fernato01h,1962,6,30,D.R.,NULL,"San Pedro de Macoris",NULL,NULL,NULL,NULL,NULL,NULL,Tony,Fernandez,"born Octavio Antonio Fernando (Castro)","Octavio Antonio (Castro)",NULL,175,74.0,B,R,1983-09-02,2001-10-07,,fernato01,fernato01,fernt001,fernato01,fernato01
fingero01,1,0,4409,fingero01,,fingero01h,1946,8,25,USA,OH,Steubenville,NULL,NULL,NULL,NULL,NULL,NULL,Rollie,Fingers,NULL,"Roland Glen",NULL,195,76.0,R,R,1968-09-15,1985-09-17,,fingero01,fingero01,fingr001,fingero01,fingero01
finlest01,0,5,4416,finlest01,,,1965,3,12,USA,TN,"Union City",NULL,NULL,NULL,NULL,NULL,NULL,Steve,Finley,NULL,"Steven Allen",NULL,180,74.0,L,L,1989-04-03,2007-06-03,"Southern Illinois",finlest01,finlest01,finls001,finlest01,finlest01
fiskca01,0,1,4463,fiskca01,,fiskca01h,1947,12,26,USA,VT,"Bellows Falls",NULL,NULL,NULL,NULL,NULL,NULL,Carlton,Fisk,NULL,"Carlton Ernest",Pudge,220,74.0,R,R,1969-09-18,1993-06-22,"New Hampshire",fiskca01,fiskca01,fiskc001,fiskca01,fiskca01
floodcu01,0,7,4529,floodcu01,,floodcu01h,1938,1,18,USA,TX,Houston,1997,1,20,USA,CA,"Los Angeles",Curt,Flood,NULL,"Curtis Charles",NULL,165,69.0,R,R,1956-09-09,1971-04-25,,floodcu01,floodcu01,flooc101,floodcu01,floodcu01
flynndo01,0,1,4547,flynndo01,,,1951,4,18,USA,KY,Lexington,NULL,NULL,NULL,NULL,NULL,NULL,Doug,Flynn,NULL,"Robert Douglas (Jr.)",NULL,165,71.0,R,R,1975-04-09,1985-10-05,"Somerset CC",flynndo01,flynndo01,flynd001,flynndo01,flynndo01
fossera01,0,2,4613,fossera01,,,1947,4,4,USA,IL,Marion,NULL,NULL,NULL,NULL,NULL,NULL,Ray,Fosse,NULL,"Raymond Earl",NULL,215,74.0,R,R,1967-09-08,1979-09-30,,fossera01,fossera01,fossr101,fossera01,fossera01
fostege01,1,0,4620,fostege01,,fostege01h,1948,12,1,USA,AL,Tuscaloosa,NULL,NULL,NULL,NULL,NULL,NULL,George,Foster,NULL,"George Arthur",NULL,185,73.0,R,R,1969-09-10,1986-09-06,"El Camino JC",fostege01,fostege01,fostg001,fostege01,fostege01
foxne01,1,3,4653,foxne01,,foxne01h,1927,12,25,USA,PA,"St. Thomas",1975,12,1,USA,MD,Baltimore,Nellie,Fox,NULL,"Jacob Nelson",NULL,150,69.0,L,R,1947-06-08,1965-07-25,,foxne01,foxne01,fox-n101,foxne01,foxne01
foxxji01,3,0,4658,foxxji01,,foxxji01h,1907,10,22,USA,MD,Sudlersville,1967,7,21,USA,FL,Miami,Jimmie,Foxx,NULL,"James Emory","Beast,Double X",195,72.0,R,R,1925-05-01,1945-09-23,,foxxji01,foxxji01,foxxj101,foxxji01,foxxji01
francje02,0,1,17406,francje02,,,1984,1,8,USA,GA,Atlanta,NULL,NULL,NULL,NULL,NULL,NULL,Jeff,Francoeur,NULL,"Jeffrey Braden",NULL,220,76.0,R,R,2005-07-07,NULL,NULL,NULL,NULL,franj004,NULL,francje02
freehbi01,0,5,4694,freehbi01,,freehbi01h,1941,11,29,USA,MI,Detroit,NULL,NULL,NULL,NULL,NULL,NULL,Bill,Freehan,NULL,"William Ashley",NULL,205,74.0,R,R,1961-09-26,1976-10-03,,freehbi01,freehbi01,freeb103,freehbi01,freehbi01
fregoji01,0,1,4710,fregoji01,fregoji01m,fregoji01h,1942,4,4,USA,CA,"San Francisco",NULL,NULL,NULL,NULL,NULL,NULL,Jim,Fregosi,NULL,"James Louis",NULL,190,73.0,R,R,1961-09-14,1978-05-31,,fregoji01,fregoji01,fregj101,fregoji01,fregoji01
friscfr01,1,0,4746,friscfr01,friscfr01m,friscfr01h,1898,9,9,USA,NY,Bronx,1973,3,12,USA,DE,Wilmington,Frankie,Frisch,NULL,"Frank Francis","The Fordham Flash",165,71.0,B,R,1919-06-14,1937-08-05,,friscfr01,friscfr01,frisf101,friscfr01,friscfr01
frymatr01,0,1,4763,frymatr01,,frymatr01h,1969,3,25,USA,KY,Lexington,NULL,NULL,NULL,NULL,NULL,NULL,Travis,Fryman,NULL,"David Travis",NULL,194,73.0,R,R,1990-07-07,2002-09-29,,frymatr01,frymatr01,frymt001,frymatr01,frymatr01
gaettga01,0,4,4811,gaettga01,,gaettga01h,1958,8,19,USA,IL,Centralia,NULL,NULL,NULL,NULL,NULL,NULL,Gary,Gaetti,NULL,"Gary Joseph","The Rat,G-Man",200,72.0,R,R,1981-09-20,2000-04-12,"NW Missouri State",gaettga01,gaettga01,gaetg001,gaettga01,gaettga01
galaran01,0,2,4832,galaran01,,,1961,6,18,Venezuela,,Caracas,NULL,NULL,NULL,NULL,NULL,NULL,Andres,Galarraga,"born Andres Jose Padovani (Galarraga)","Andres Jose","Big Cat",235,75.0,R,R,1985-08-23,2004-10-03,,galaran01,galaran01,galaa001,galaran01,galaran01
garvest01,1,4,4957,garvest01,,garvest01h,1948,12,22,USA,FL,Tampa,NULL,NULL,NULL,NULL,NULL,NULL,Steve,Garvey,NULL,"Steven Patrick",NULL,192,70.0,R,R,1969-09-01,1987-05-23,"Michigan State",garvest01,garvest01,garvs001,garvest01,garvest01
gehrich01,1,0,4998,gehrich01,,gehrich01h,1903,5,11,USA,MI,Fowlerville,1993,1,21,USA,MI,"Bloomfield Hills",Charlie,Gehringer,NULL,"Charles Leonard","The Mechanical Man",180,71.0,L,R,1924-09-22,1942-09-27,,gehrich01,gehrich01,gehrc101,gehrich01,gehrich01
gehrilo01,2,0,4996,gehrilo01,,gehrilo01h,1903,6,19,USA,NY,"New York",1941,6,2,USA,NY,Riverdale,Lou,Gehrig,"also known as Ludwig Heinrich Gehrig","Henry Louis","The Iron Horse,Biscuit Pants",200,72.0,L,L,1923-06-15,1939-04-30,Columbia,gehrilo01,gehrilo01,gehrl101,gehrilo01,gehrilo01
geronce01,0,4,5040,geronce01,,,1948,3,11,D.R.,,"El Seibo",NULL,NULL,NULL,NULL,NULL,NULL,Cesar,Geronimo,NULL,"Cesar Francisco (Zorrilla)",NULL,170,74.0,L,L,1969-04-16,1983-08-28,,geronce01,geronce01,geroc101,geronce01,geronce01
giambja01,1,0,5056,giambja01,,,1971,1,8,USA,CA,"West Covina",NULL,NULL,NULL,NULL,NULL,NULL,Jason,Giambi,NULL,"Jason Gilbert",Giambino,200,74.0,L,R,1995-05-08,NULL,"Cal St. Long Beach",giambja01,giambja01,giamj001,giambja01,giambja01
gibsobo01,1,9,5066,gibsobo01,,gibsobo01h,1935,11,9,USA,NE,Omaha,NULL,NULL,NULL,NULL,NULL,NULL,Bob,Gibson,"born Pack Robert Gibson",Robert,"Hoot,Gibby",195,73.0,R,R,1959-04-15,1975-09-03,,gibsobo01,gibsobo01,gibsb101,gibsobo01,gibsobo01
gibsoki01,1,0,5074,gibsoki01,,gibsoki01h,1957,5,28,USA,MI,Pontiac,NULL,NULL,NULL,NULL,NULL,NULL,Kirk,Gibson,NULL,"Kirk Harold",NULL,215,75.0,L,L,1979-09-08,1995-08-10,"Michigan State",gibsoki01,gibsoki01,gibsk001,gibsoki01,gibsoki01
gonzaad01,0,2,17119,gonzaad01,,,1982,5,8,USA,CA,"San Diego",NULL,NULL,NULL,NULL,NULL,NULL,Adrian,Gonzalez,NULL,Adrian,NULL,220,74.0,L,L,2004-04-18,NULL,None,,,gonza003,,gonzaad01
gonzaju03,2,0,5267,gonzaju03,,,1969,10,20,P.R.,,Arecibo,NULL,NULL,NULL,NULL,NULL,NULL,Juan,Gonzalez,NULL,"Juan Alberto (Vazquez)","Juan Gone,Igor",210,75.0,R,R,1989-09-01,2005-05-31,,gonzaju03,gonzaju03,gonzj002,gonzaju03,gonzaju03
gordojo01,1,0,5306,gordojo01,gordojo01m,gordojo01h,1915,2,18,USA,CA,"Los Angeles",1978,4,14,USA,CA,Sacramento,Joe,Gordon,NULL,"Joseph Lowell",Flash,180,70.0,R,R,1938-04-18,1950-09-30,,gordojo01,gordojo01,gordj101,gordojo01,gordojo01
gracema01,0,4,5347,gracema01,,gracema01h,1964,6,28,USA,NC,Winston-Salem,NULL,NULL,NULL,NULL,NULL,NULL,Mark,Grace,NULL,"Mark Eugene",Amazing,190,74.0,L,L,1988-05-02,2003-09-28,"San Diego State",gracema01,gracema01,gracm001,gracema01,gracema01
greenha01,2,0,5439,greenha01,,greenha01h,1911,1,1,USA,NY,"New York",1986,9,4,USA,CA,"Beverly Hills",Hank,Greenberg,NULL,"Henry Benjamin","Hammerin' Hank",210,76.0,R,R,1930-09-14,1947-09-18,,greenha01,greenha01,greeh102,greenha01,greenha01
greensh01,0,1,5436,greensh01,,,1972,11,10,USA,IL,"Des Plaines",NULL,NULL,NULL,NULL,NULL,NULL,Shawn,Green,NULL,"Shawn David",NULL,190,76.0,L,L,1993-09-28,2007-09-29,,greensh01,greensh01,grees001,greensh01,greensh01
grichbo01,0,4,5474,grichbo01,,grichbo01h,1949,1,15,USA,MI,Muskegon,NULL,NULL,NULL,NULL,NULL,NULL,Bobby,Grich,NULL,"Robert Anthony",NULL,190,74.0,R,R,1970-06-29,1986-10-02,"Fresno State",grichbo01,grichbo01,gricb001,grichbo01,grichbo01
griffal01,0,1,5481,griffal01,,,1957,10,6,D.R.,NULL,"Santo Domingo",NULL,NULL,NULL,NULL,NULL,NULL,Alfredo,Griffin,"born Alfredo Claudino Baptist (Griffin)","Alfredo Claudino",NULL,165,71.0,B,R,1976-09-04,1993-10-03,,griffal01,griffal01,grifa001,griffal01,griffal01
griffdo01,0,1,5482,griffdo01,,,1947,6,4,USA,CA,"South Gate",NULL,NULL,NULL,NULL,NULL,NULL,Doug,Griffin,NULL,"Douglas Lee",NULL,170,72.0,R,R,1970-09-11,1977-06-02,,griffdo01,griffdo01,grifd101,griffdo01,griffdo01
griffke02,1,10,5479,griffke02,,,1969,11,21,USA,PA,Donora,NULL,NULL,NULL,NULL,NULL,NULL,Ken,Griffey,NULL,"George Kenneth (Jr.)","Junior,Kid",205,75.0,L,L,1989-04-03,NULL,,griffke02,griffke02,grifk002,griffke02,griffke02
grissma02,0,4,5519,grissma02,,,1967,4,17,USA,GA,Atlanta,NULL,NULL,NULL,NULL,NULL,NULL,Marquis,Grissom,NULL,"Marquis Deon",NULL,190,71.0,R,R,1989-08-22,2005-07-31,"Florida A&M",grissma02,grissma02,grism001,grissma02,grissma02
groatdi01,1,0,5521,groatdi01,,groatdi01h,1930,11,4,USA,PA,Wilkinsburg,NULL,NULL,NULL,NULL,NULL,NULL,Dick,Groat,NULL,"Richard Morrow",NULL,180,NULL,R,R,1952-06-19,1967-10-01,,groatdi01,groatdi01,groad101,groatdi01,groatdi01
grovele01,1,0,5545,grovele01,,grovele01h,1900,3,6,USA,MD,Lonaconing,1975,5,22,USA,OH,Norwalk,Lefty,Grove,"last name Groves","Robert Moses",NULL,190,75.0,L,L,1925-04-14,1941-09-28,,grovele01,grovele01,grovl101,grovele01,grovele01
grubeke01,0,1,5554,grubeke01,,,1962,2,26,USA,TX,Houston,NULL,NULL,NULL,NULL,NULL,NULL,Kelly,Gruber,NULL,"Kelly Wayne",NULL,185,72.0,R,R,1984-04-20,1993-06-29,Texas,grubeke01,grubeke01,grubk001,grubeke01,grubeke01
grudzma01,0,1,5555,grudzma01,,,1970,6,30,USA,WI,Milwaukee,NULL,NULL,NULL,NULL,NULL,NULL,Mark,Grudzielanek,NULL,"Mark James",NULL,185,73.0,R,R,1995-04-28,2008-08-01,"Trinidad St. JC",grudzma01,grudzma01,grudm001,grudzma01,grudzma01
guerrvl01,1,0,5570,guerrvl01,,,1975,2,9,D.R.,,Nizao,NULL,NULL,NULL,NULL,NULL,NULL,Vladimir,Guerrero,NULL,"Vladimir Alvino","Vlad the Impaler",235,75.0,R,R,1996-09-19,NULL,,guerrvl01,guerrvl01,guerv001,guerrvl01,guerrvl01
guidrro01,0,5,5575,guidrro01,,guidrro01h,1950,8,28,USA,LA,Lafayette,NULL,NULL,NULL,NULL,NULL,NULL,Ron,Guidry,NULL,"Ronald Ames","Louisiana Lightning,Gator",162,71.0,L,L,1975-07-27,1988-09-27,"SW Louisiana St",guidrro01,guidrro01,guidr001,guidrro01,guidrro01
guilloz01,0,1,5578,guilloz01,guilloz01m,guilloz01h,1964,1,20,Venezuela,,"Ocumare Del Tuy",NULL,NULL,NULL,NULL,NULL,NULL,Ozzie,Guillen,NULL,"Oswaldo Jose (Barrios)",NULL,150,71.0,L,R,1985-04-09,2000-10-01,,guilloz01,guilloz01,guilo001,guilloz01,guilloz01
gwynnto01,0,5,5623,gwynnto01,,gwynnto01h,1960,5,9,USA,CA,"Los Angeles",NULL,NULL,NULL,NULL,NULL,NULL,Tony,Gwynn,NULL,"Anthony Keith",NULL,199,71.0,L,L,1982-07-19,2001-10-07,"San Diego State",gwynnto01,gwynnto01,gwynt001,gwynnto01,gwynnto01
haddiha01,0,3,5644,haddiha01,,haddiha01h,1925,9,18,USA,OH,Medway,1994,1,8,USA,OH,Springfield,Harvey,Haddix,NULL,"Harvey (Jr.)",Kitten,170,NULL,L,L,1952-08-20,1965-08-28,,haddiha01,haddiha01,haddh101,haddiha01,haddiha01
hamptmi01,0,1,5758,hamptmi01,,,1972,9,9,USA,FL,Brooksville,NULL,NULL,NULL,NULL,NULL,NULL,Mike,Hampton,NULL,"Michael William",NULL,180,70.0,R,L,1993-04-17,NULL,,hamptmi01,hamptmi01,hampm001,hamptmi01,hamptmi01
harrebu01,0,1,5863,harrebu01,harrebu01m,harrebu01h,1944,6,6,USA,CA,Niles,NULL,NULL,NULL,NULL,NULL,NULL,Bud,Harrelson,NULL,"Derrel McKinley",NULL,160,71.0,B,R,1965-09-02,1980-10-05,,harrebu01,harrebu01,harrb101,harrebu01,harrebu01
hartnga01,1,0,5937,hartnga01,hartnga01m,hartnga01h,1900,12,20,USA,RI,Woonsocket,1972,12,20,USA,IL,"Park Ridge",Gabby,Hartnett,NULL,"Charles Leo",NULL,195,73.0,R,R,1922-04-12,1941-09-24,,hartnga01,hartnga01,hartg103,hartnga01,hartnga01
helmsto01,0,2,6103,helmsto01,helmsto01m,helmsto01h,1941,5,5,USA,NC,Charlotte,NULL,NULL,NULL,NULL,NULL,NULL,Tommy,Helms,NULL,"Tommy Vann",NULL,175,70.0,R,R,1964-09-23,1977-10-01,,helmsto01,helmsto01,helmt101,helmsto01,helmsto01
heltoto01,0,3,6105,heltoto01,,,1973,8,20,USA,TN,Knoxville,NULL,NULL,NULL,NULL,NULL,NULL,Todd,Helton,NULL,"Todd Lynn","The Toddfather",195,74.0,L,L,1997-08-02,NULL,Tennessee,heltoto01,heltoto01,heltt001,heltoto01,heltoto01
henderi01,1,1,6125,henderi01,,henderi01h,1958,12,25,USA,IL,Chicago,NULL,NULL,NULL,NULL,NULL,NULL,Rickey,Henderson,NULL,"Rickey Nelson Henley","Man of Steal",195,70.0,R,L,1979-06-24,2003-09-19,,henderi01,henderi01,hendr001,henderi01,henderi01
hernake01,1,11,6207,hernake01,,hernake01h,1953,10,20,USA,CA,"San Francisco",NULL,NULL,NULL,NULL,NULL,NULL,Keith,Hernandez,NULL,Keith,Mex,195,72.0,L,L,1974-08-30,1990-07-24,"San Mateo",hernake01,hernake01,hernk001,hernake01,hernake01
hernawi01,1,0,6219,hernawi01,,hernawi01h,1954,11,14,P.R.,,Aguada,NULL,NULL,NULL,NULL,NULL,NULL,Willie,Hernandez,"as played as Guillermo","Guillermo (Villanueva)",NULL,180,75.0,L,L,1977-04-09,1989-08-18,,hernawi01,hernawi01,hernw001,hernawi01,hernawi01
hershor01,0,1,6247,hershor01,,hershor01h,1958,9,16,USA,NY,Buffalo,NULL,NULL,NULL,NULL,NULL,NULL,Orel,Hershiser,NULL,"Orel Leonard (IV)",Bulldog,192,75.0,R,R,1983-09-01,2000-06-26,"Bowling Green State",hershor01,hershor01,herso001,hershor01,hershor01
hodgegi01,0,3,6399,hodgegi01,hodgegi01m,hodgegi01h,1924,4,4,USA,IN,Princeton,1972,4,2,USA,FL,"West Palm Beach",Gil,Hodges,"born Gilbert Ray Hodge","Gilbert Raymond",NULL,200,73.5,R,R,1943-10-03,1963-05-05,,hodgegi01,hodgegi01,hodgg101,hodgegi01,hodgegi01
hornsro01,2,0,6552,hornsro01,hornsro01m,hornsro01h,1896,4,27,USA,TX,Winters,1963,1,5,USA,IL,Chicago,Rogers,Hornsby,NULL,Rogers,Rajah,175,71.0,R,R,1915-09-10,1937-07-20,,hornsro01,hornsro01,hornr101,hornsro01,hornsro01
howarel01,1,2,6602,howarel01,,howarel01h,1929,2,23,USA,MO,"St. Louis",1980,12,14,USA,NY,"New York",Elston,Howard,NULL,"Elston Gene",NULL,200,74.0,R,R,1955-04-14,1968-09-29,,howarel01,howarel01,howae101,howarel01,howarel01
howarry01,1,0,17237,howarry01,,,1979,11,19,USA,MO,"St. Louis",NULL,NULL,NULL,NULL,NULL,NULL,Ryan,Howard,NULL,"Ryan James",NULL,230,76.0,L,L,2004-09-01,NULL,"SW Mo St",,,howar001,,howarry01
hubbeca01,2,0,6649,hubbeca01,,hubbeca01h,1903,6,22,USA,MO,Carthage,1988,11,21,USA,AZ,Scottsdale,Carl,Hubbell,NULL,"Carl Owen","King Carl,Meal Ticket",170,72.0,R,L,1928-07-26,1943-08-24,,hubbeca01,hubbeca01,hubbc101,hubbeca01,hubbeca01
hubbske01,0,1,6650,hubbske01,,,1941,12,23,USA,CA,Riverside,1964,2,13,USA,UT,Provo,Ken,Hubbs,NULL,"Kenneth Douglass",NULL,175,74.0,R,R,1961-09-10,1963-09-29,,hubbske01,hubbske01,hubbk101,hubbske01,hubbske01
hudsoor01,0,4,15842,hudsoor01,,,1977,12,12,USA,SC,Darlington,NULL,NULL,NULL,NULL,NULL,NULL,Orlando,Hudson,NULL,"Orlando Thill",O-Dog,185,72.0,B,R,2002-07-24,NULL,"Spartanburg Methodist",NULL,NULL,hudso001,NULL,hudsoor01
hundlra01,0,1,6720,hundlra01,,,1942,6,1,USA,VA,Martinsville,NULL,NULL,NULL,NULL,NULL,NULL,Randy,Hundley,NULL,"Cecil Randolph (Jr.)",Rebel,175,72.0,R,R,1964-09-27,1977-09-25,,hundlra01,hundlra01,hundr101,hundlra01,hundlra01
hunteto01,0,9,6745,hunteto01,,,1975,7,18,USA,AR,"Pine Bluff",NULL,NULL,NULL,NULL,NULL,NULL,Torii,Hunter,NULL,"Torii Kedar",NULL,205,74.0,R,R,1997-08-22,NULL,,hunteto01,hunteto01,huntt001,hunteto01,hunteto01
izturce01,0,1,6826,izturce01,,,1980,2,10,Venezuela,,Lara,NULL,NULL,NULL,NULL,NULL,NULL,Cesar,Izturis,NULL,"Cesar David",NULL,155,69.0,B,R,2001-06-23,NULL,,izturce01,izturce01,iztuc001,izturce01,izturce01
jacksre01,1,0,6851,jacksre01,,jacksre01h,1946,5,18,USA,PA,Wyncote,NULL,NULL,NULL,NULL,NULL,NULL,Reggie,Jackson,NULL,"Reginald Martinez","Mr. October",200,72.0,L,L,1967-06-09,1987-10-04,"Arizona State",jacksre01,jacksre01,jackr001,jacksre01,jacksre01
jenseja01,1,1,6946,jenseja01,,jenseja01h,1927,3,9,USA,CA,"San Francisco",1982,7,14,USA,VA,Charlottesville,Jackie,Jensen,NULL,"Jack Eugene",NULL,190,71.0,R,R,1950-04-18,1961-10-01,,jenseja01,jenseja01,jensj101,jenseja01,jenseja01
jeterde01,0,4,6955,jeterde01,,,1974,6,26,USA,NJ,Pequannock,NULL,NULL,NULL,NULL,NULL,NULL,Derek,Jeter,NULL,"Derek Sanderson","Mr. November",175,75.0,R,R,1995-05-29,NULL,,jeterde01,jeterde01,jeted001,jeterde01,jeterde01
johnsch04,0,4,6995,johnsch04,,,1971,7,20,USA,FL,"Fort Pierce",NULL,NULL,NULL,NULL,NULL,NULL,Charles,Johnson,NULL,"Charles Edward (Jr.)",NULL,215,74.0,R,R,1994-05-06,2005-06-11,"Miami (FL)",johnsch04,johnsch04,johnc002,johnsch04,johnsch04
johnsda02,0,3,7005,johnsda02,johnsda02m,johnsda02h,1943,1,30,USA,FL,Orlando,NULL,NULL,NULL,NULL,NULL,NULL,Davey,Johnson,NULL,"David Allen",NULL,180,73.0,R,R,1965-04-13,1978-09-29,,johnsda02,johnsda02,johnd105,johnsda02,johnsda02
johnswa01,2,0,7068,johnswa01,johnswa01m,johnswa01h,1887,11,6,USA,KS,Humboldt,1946,12,10,USA,DC,Washington,Walter,Johnson,NULL,"Walter Perry","Barney,The Big Train",200,73.0,R,R,1907-08-02,1927-09-30,,johnswa01,johnswa01,johnw102,johnswa01,johnswa01
jonesad01,0,1,17985,jonesad01,,,1985,8,1,USA,CA,"San Diego",NULL,NULL,NULL,NULL,NULL,NULL,Adam,Jones,NULL,"Adam La Marque",NULL,200,74.0,R,R,2006-07-14,NULL,,NULL,NULL,jonea003,NULL,jonesad01
jonesan01,0,10,7089,jonesan01,,,1977,4,23,Curacao,NULL,Willemstad,NULL,NULL,NULL,NULL,NULL,NULL,Andruw,Jones,NULL,"Andruw Rudolf",NULL,170,73.0,R,R,1996-08-15,NULL,,jonesan01,jonesan01,jonea002,jonesan01,jonesan01
jonesch06,1,0,7105,jonesch06,,,1972,4,24,USA,FL,DeLand,NULL,NULL,NULL,NULL,NULL,NULL,Chipper,Jones,NULL,"Larry Wayne",NULL,185,75.0,B,R,1993-09-11,NULL,,jonesch06,jonesch06,jonec004,jonesch06,jonesch06
jorgemi01,0,1,7194,jorgemi01,jorgemi01m,jorgemi01h,1948,8,16,USA,NJ,Passaic,NULL,NULL,NULL,NULL,NULL,NULL,Mike,Jorgensen,NULL,Michael,NULL,195,72.0,L,L,1968-09-10,1985-10-06,,jorgemi01,jorgemi01,jorgm001,jorgemi01,jorgemi01
kaatji01,0,16,7234,kaatji01,,kaatji01h,1938,11,7,USA,MI,Zeeland,NULL,NULL,NULL,NULL,NULL,NULL,Jim,Kaat,NULL,"James Lee",Kitty,217,76.0,L,L,1959-08-02,1983-07-01,,kaatji01,kaatji01,kaatj101,kaatji01,kaatji01
kalinal01,0,10,7253,kalinal01,,kalinal01h,1934,12,19,USA,MD,Baltimore,NULL,NULL,NULL,NULL,NULL,NULL,Al,Kaline,NULL,"Albert William",NULL,180,74.0,R,R,1953-06-25,1974-10-02,,kalinal01,kalinal01,kalia101,kalinal01,kalinal01
kempma01,0,1,17953,kempma01,,,1984,9,23,USA,OK,"Midwest City",NULL,NULL,NULL,NULL,NULL,NULL,Matt,Kemp,NULL,"Matthew Ryan","The Bison",230,74.0,R,R,2006-05-28,NULL,,NULL,NULL,kempm001,NULL,kempma01
kentje01,1,0,7439,kentje01,,,1968,3,7,USA,CA,Bellflower,NULL,NULL,NULL,NULL,NULL,NULL,Jeff,Kent,NULL,"Jeffrey Franklin",NULL,185,73.0,R,R,1992-04-12,2008-09-27,"Cal Berkeley",kentje01,kentje01,kentj001,kentje01,kentje01
kessido01,0,2,7464,kessido01,kessido01m,kessido01h,1942,7,17,USA,AR,"Forrest City",NULL,NULL,NULL,NULL,NULL,NULL,Don,Kessinger,NULL,"Donald Eulon",NULL,175,73.0,B,R,1964-09-07,1979-07-31,,kessido01,kessido01,kessd101,kessido01,kessido01
killeha01,1,0,7493,killeha01,,killeha01h,1936,6,29,USA,ID,Payette,NULL,NULL,NULL,NULL,NULL,NULL,Harmon,Killebrew,NULL,"Harmon Clayton",Killer,213,71.0,R,R,1954-06-23,1975-09-26,,killeha01,killeha01,killh102,killeha01,killeha01
kleinch01,1,0,7589,kleinch01,,kleinch01h,1904,10,7,USA,IN,Indianapolis,1958,3,28,USA,IN,Indianapolis,Chuck,Klein,NULL,"Charles Herbert",NULL,185,72.0,L,R,1928-07-30,1944-06-11,,kleinch01,kleinch01,kleic101,kleinch01,kleinch01
knoblch01,0,1,7647,knoblch01,,knoblch01h,1968,7,7,USA,TX,Houston,NULL,NULL,NULL,NULL,NULL,NULL,Chuck,Knoblauch,NULL,"Edward Charles",NULL,181,69.0,R,R,1991-04-09,2002-09-27,"Texas A&M",knoblch01,knoblch01,knobc001,knoblch01,knoblch01
knoopbo01,0,3,7652,knoopbo01,,,1938,10,18,USA,IA,"Sioux City",NULL,NULL,NULL,NULL,NULL,NULL,Bobby,Knoop,NULL,"Robert Frank",NULL,170,73.0,R,R,1964-04-13,1972-09-20,,knoopbo01,knoopbo01,knoob101,knoopbo01,knoopbo01
konstji01,1,0,7706,konstji01,,,1917,3,2,USA,NY,Strykersville,1976,6,11,USA,NY,Oneonta,Jim,Konstanty,NULL,"Casimir James",NULL,202,NULL,R,R,1944-06-18,1956-09-19,,konstji01,konstji01,konsj101,konstji01,konstji01
koufasa01,1,0,7735,koufasa01,,koufasa01h,1935,12,30,USA,NY,Brooklyn,NULL,NULL,NULL,NULL,NULL,NULL,Sandy,Koufax,"born Sanford Braun",Sanford,NULL,210,74.0,R,L,1955-06-24,1966-10-02,,koufasa01,koufasa01,koufs101,koufasa01,koufasa01
landiji01,0,5,7915,landiji01,,,1934,3,9,USA,CA,Fresno,NULL,NULL,NULL,NULL,NULL,NULL,Jim,Landis,NULL,"James Henry",NULL,180,73.0,R,R,1957-04-16,1967-08-27,,landiji01,landiji01,landj103,landiji01,landiji01
langsma01,0,7,7943,langsma01,,langsma01h,1960,8,20,USA,CA,"San Diego",NULL,NULL,NULL,NULL,NULL,NULL,Mark,Langston,NULL,"Mark Edward",NULL,190,74.0,R,L,1984-04-07,1999-09-24,,langsma01,langsma01,langm001,langsma01,langsma01
larkiba01,1,3,7967,larkiba01,,,1964,4,28,USA,OH,Cincinnati,NULL,NULL,NULL,NULL,NULL,NULL,Barry,Larkin,NULL,"Barry Louis",NULL,190,72.0,R,R,1986-08-13,2004-10-03,,larkiba01,larkiba01,larkb001,larkiba01,larkiba01
laryfr01,0,1,7989,laryfr01,,,1930,4,10,USA,AL,Northport,NULL,NULL,NULL,NULL,NULL,NULL,Frank,Lary,NULL,"Frank Strong","Mule,Taters,The Yankee Killer",180,71.0,R,R,1954-09-14,1965-09-21,,laryfr01,laryfr01,laryf101,laryfr01,laryfr01
lavalmi01,0,1,8013,lavalmi01,,,1960,8,18,USA,NC,Charlotte,NULL,NULL,NULL,NULL,NULL,NULL,Mike,LaValliere,NULL,"Michael Eugene",Spanky,190,69.0,L,R,1984-09-09,1995-09-22,Lowell,lavalmi01,lavalmi01,lavam001,lavalmi01,lavalmi01
leede02,0,3,8086,leede02,,,1975,9,6,USA,CA,Sacramento,NULL,NULL,NULL,NULL,NULL,NULL,Derrek,Lee,NULL,"Derrek Leon",D-Lee,205,77.0,R,R,1997-04-28,NULL,,leede02,leede02,lee-d002,leede02,leede02
lewisda01,0,1,8219,lewisda01,,,1967,8,28,USA,CA,Berkeley,NULL,NULL,NULL,NULL,NULL,NULL,Darren,Lewis,NULL,"Darren Joel",NULL,189,72.0,R,R,1990-08-21,2002-07-30,"Cal St. Fullerton",lewisda01,lewisda01,lewid001,lewisda01,lewisda01
lezcasi01,0,1,8236,lezcasi01,,,1953,11,28,P.R.,NULL,Arecibo,NULL,NULL,NULL,NULL,NULL,NULL,Sixto,Lezcano,NULL,"Sixto Joaquin (Curras)",NULL,175,71.0,R,R,1974-09-10,1985-09-29,,lezcasi01,lezcasi01,lezcs001,lezcasi01,lezcasi01
liebemi01,0,1,8246,liebemi01,,,1972,1,18,USA,CA,Glendale,NULL,NULL,NULL,NULL,NULL,NULL,Mike,Lieberthal,NULL,"Michael Scott",Lieby,170,72.0,R,R,1994-06-30,2007-09-22,,liebemi01,liebemi01,liebm001,liebemi01,liebemi01
lindjo01,0,1,8265,lindjo01,,,1964,5,1,P.R.,NULL,"Toa Baja",NULL,NULL,NULL,NULL,NULL,NULL,Jose,Lind,NULL,"Jose (Salgado)",Chico,175,71.0,R,R,1987-08-28,1995-08-29,,lindjo01,lindjo01,lindj002,lindjo01,lindjo01
loftoke01,0,4,8361,loftoke01,,,1967,5,31,USA,IN,"East Chicago",NULL,NULL,NULL,NULL,NULL,NULL,Kenny,Lofton,NULL,Kenneth,NULL,180,72.0,L,L,1991-09-14,2007-09-29,Arizona,loftoke01,loftoke01,loftk001,loftoke01,loftoke01
lollash01,0,3,8376,lollash01,,,1924,8,23,USA,AR,Durham,1977,9,24,USA,MO,Springfield,Sherm,Lollar,NULL,"John Sherman",NULL,185,73.0,R,R,1946-04-20,1963-09-07,,lollash01,lollash01,lolls101,lollash01,lollash01
lombaer01,1,0,8381,lombaer01,,lombaer01h,1908,4,6,USA,CA,Oakland,1977,9,26,USA,CA,"Santa Cruz",Ernie,Lombardi,NULL,"Ernesto Natali","Schnozz,Bocci",230,75.0,R,R,1931-04-15,1947-09-17,,lombaer01,lombaer01,lombe101,lombaer01,lombaer01
longoev01,0,1,18340,longoev01,,,1985,10,7,USA,CA,Downey,NULL,NULL,NULL,NULL,NULL,NULL,Evan,Longoria,NULL,"Evan Michael",NULL,210,74.0,R,R,2008-04-12,NULL,"Cal State Long Beach",NULL,NULL,longe001,NULL,longoev01
lopesda01,0,1,8415,lopesda01,lopesda01m,lopesda01h,1945,5,3,USA,RI,"East Providence",NULL,NULL,NULL,NULL,NULL,NULL,Davey,Lopes,NULL,"David Earl",NULL,170,69.0,R,R,1972-09-22,1987-10-04,Washburn,lopesda01,lopesda01,loped001,lopesda01,lopesda01
lowelmi01,0,1,8467,lowelmi01,,,1974,2,24,P.R.,,"San Juan",NULL,NULL,NULL,NULL,NULL,NULL,Mike,Lowell,NULL,NULL,NULL,205,76.0,R,R,1998-09-13,NULL,,lowelmi01,lowelmi01,lowem001,lowelmi01,lowelmi01
lynnfr01,1,4,8554,lynnfr01,,lynnfr01h,1952,2,3,USA,IL,Chicago,NULL,NULL,NULL,NULL,NULL,NULL,Fred,Lynn,NULL,"Fredric Michael",NULL,190,73.0,L,L,1974-09-05,1990-10-03,USC,lynnfr01,lynnfr01,lynnf001,lynnfr01,lynnfr01
maddoga01,0,8,8639,maddoga01,,,1949,9,1,USA,OH,Cincinnati,NULL,NULL,NULL,NULL,NULL,NULL,Garry,Maddox,NULL,"Garry Lee","Secretary of Defense",184,75.0,R,R,1972-04-25,1986-04-20,"Harbor JC",maddoga01,maddoga01,maddg001,maddoga01,maddoga01
maddugr01,0,18,8642,maddugr01,,,1966,4,14,USA,TX,"San Angelo",NULL,NULL,NULL,NULL,NULL,NULL,Greg,Maddux,NULL,"Gregory Alan","Mad Dog",170,72.0,R,R,1986-09-03,2008-09-27,,maddugr01,maddugr01,maddg002,maddugr01,maddugr01
malzofr01,0,3,8749,malzofr01,,,1930,2,28,USA,NY,Bronx,NULL,NULL,NULL,NULL,NULL,NULL,Frank,Malzone,NULL,"Frank James",NULL,180,70.0,R,R,1955-09-17,1966-10-01,,malzofr01,malzofr01,malzf101,malzofr01,malzofr01
manniri01,0,1,8773,manniri01,,,1954,9,2,USA,NY,"Niagara Falls",NULL,NULL,NULL,NULL,NULL,NULL,Rick,Manning,NULL,"Richard Eugene",NULL,180,73.0,L,R,1975-05-23,1987-10-04,,manniri01,manniri01,mannr001,manniri01,manniri01
mantlmi01,3,1,8785,mantlmi01,,mantlmi01h,1931,10,20,USA,OK,Spavinaw,1995,8,13,USA,TX,Dallas,Mickey,Mantle,NULL,"Mickey Charles","The Mick,The Commerce Comet,Muscles",198,71.0,B,R,1951-04-17,1968-09-28,,mantlmi01,mantlmi01,mantm101,mantlmi01,mantlmi01
manwaki01,0,1,8794,manwaki01,,,1965,7,15,USA,NY,Elmira,NULL,NULL,NULL,NULL,NULL,NULL,Kirt,Manwaring,NULL,"Kirt Dean",NULL,190,71.0,R,R,1987-09-15,1999-10-03,"Coastal Carolina",manwaki01,manwaki01,manwk001,manwaki01,manwaki01
marioma01,1,0,8812,marioma01,marioma01m,marioma01h,1917,12,1,USA,SC,Richburg,NULL,NULL,NULL,NULL,NULL,NULL,Marty,Marion,NULL,"Martin Whiteford","Slats,The Octopus",170,74.0,R,R,1940-04-16,1953-07-06,,marioma01,marioma01,marim101,marioma01,marioma01
marisro01,2,1,8814,marisro01,,marisro01h,1934,9,10,USA,MN,Hibbing,1985,12,14,USA,TX,Houston,Roger,Maris,"born Roger Eugene Maras","Roger Eugene",NULL,204,72.0,L,R,1957-04-16,1968-09-29,,marisro01,marisro01,marir101,marisro01,marisro01
martiru01,0,1,17869,martiru01,,,1983,2,15,CAN,ON,"East York",NULL,NULL,NULL,NULL,NULL,NULL,Russell,Martin,NULL,"Russell Nathan Coltrane Jeanson",NULL,210,70.0,R,R,2006-05-05,NULL,"Chipola (FL) JC",NULL,NULL,martr004,NULL,martiru01
mathemi01,0,4,8950,mathemi01,,,1970,9,22,USA,OH,Columbus,NULL,NULL,NULL,NULL,NULL,NULL,Mike,Matheny,NULL,"Michael Scott",NULL,205,75.0,R,R,1994-04-07,2006-05-31,Michigan,mathemi01,mathemi01,mathm001,mathemi01,mathemi01
mattido01,1,9,8984,mattido01,,mattido01h,1961,4,20,USA,IN,Evansville,NULL,NULL,NULL,NULL,NULL,NULL,Don,Mattingly,NULL,"Donald Arthur","Donnie Baseball",175,72.0,L,L,1982-09-08,1995-10-01,,mattido01,mattido01,mattd001,mattido01,mattido01
mauerjo01,1,2,17123,mauerjo01,,,1983,4,19,USA,MN,"St. Paul",NULL,NULL,NULL,NULL,NULL,NULL,Joe,Mauer,NULL,"Joseph Patrick",NULL,220,77.0,L,R,2004-04-05,NULL,None,,,mauej001,,mauerjo01
maxvida01,0,1,9007,maxvida01,,,1939,2,18,USA,IL,"Granite City",NULL,NULL,NULL,NULL,NULL,NULL,Dal,Maxvill,NULL,"Charles Dallan",NULL,160,71.0,R,R,1962-06-10,1975-09-28,,maxvida01,maxvida01,maxvd101,maxvida01,maxvida01
mayswi01,2,12,9039,mayswi01,,mayswi01h,1931,5,6,USA,AL,Westfield,NULL,NULL,NULL,NULL,NULL,NULL,Willie,Mays,NULL,"Willie Howard (Jr.)","Say Hey",180,71.0,R,R,1951-05-25,1973-09-09,,mayswi01,mayswi01,maysw101,mayswi01,mayswi01
mazerbi01,0,8,9041,mazerbi01,,mazerbi01h,1936,9,5,USA,WV,Wheeling,NULL,NULL,NULL,NULL,NULL,NULL,Bill,Mazeroski,NULL,"William Stanley",Maz,183,71.0,R,R,1956-07-07,1972-10-04,,mazerbi01,mazerbi01,mazeb101,mazerbi01,mazerbi01
mccorfr01,1,0,9142,mccorfr01,,mccorfr01h,1911,6,9,USA,NY,"New York",1982,11,21,USA,NY,Manhasset,Frank,McCormick,NULL,"Frank Andrew",Buck,205,76.0,R,R,1934-09-11,1948-10-03,,mccorfr01,mccorfr01,mccof101,mccorfr01,mccorfr01
mccovwi01,1,0,9153,mccovwi01,,mccovwi01h,1938,1,10,USA,AL,Mobile,NULL,NULL,NULL,NULL,NULL,NULL,Willie,McCovey,NULL,"Willie Lee","Stretch,Mac,Big Mac",210,76.0,L,L,1959-07-30,1980-07-06,,mccovwi01,mccovwi01,mccow101,mccovwi01,mccovwi01
mcgeewi01,1,3,9247,mcgeewi01,,mcgeewi01h,1958,11,2,USA,CA,"San Francisco",NULL,NULL,NULL,NULL,NULL,NULL,Willie,McGee,NULL,"Willie Dean",NULL,175,73.0,B,R,1982-05-10,1999-10-03,"Diablo Valley",mcgeewi01,mcgeewi01,mcgew001,mcgeewi01,mcgeewi01
mcgwima01,0,1,9298,mcgwima01,,mcgwima01h,1963,10,1,USA,CA,Pomona,NULL,NULL,NULL,NULL,NULL,NULL,Mark,McGwire,NULL,"Mark David","Big Mac",225,77.0,R,R,1986-08-22,2001-10-07,USC,mcgwima01,mcgwima01,mcgwm001,mcgwima01,mcgwima01
mclaide01,1,0,9345,mclaide01,,mclaide01h,1944,3,29,USA,IL,Chicago,NULL,NULL,NULL,NULL,NULL,NULL,Denny,McLain,NULL,"Dennis Dale",NULL,185,73.0,R,R,1963-09-21,1972-09-12,,mclaide01,mclaide01,mclad101,mclaide01,mclaide01
mclouna01,0,1,17511,mclouna01,,,1981,10,28,USA,MI,Muskegon,NULL,NULL,NULL,NULL,NULL,NULL,Nate,McLouth,NULL,"Nathan Richard",NULL,185,71.0,L,R,2005-06-29,NULL,NULL,NULL,NULL,mclon001,NULL,mclouna01
mcmilro01,0,3,9387,mcmilro01,mcmilro01m,mcmilro01h,1929,7,17,USA,TX,Bonham,1997,11,2,USA,TX,Bonham,Roy,McMillan,NULL,"Roy David",NULL,170,71.0,R,R,1951-04-17,1966-08-03,,mcmilro01,mcmilro01,mcmir101,mcmilro01,mcmilro01
medwijo01,1,0,9468,medwijo01,,medwijo01h,1911,11,24,USA,NJ,Carteret,1975,3,21,USA,FL,St.Petersburg,Joe,Medwick,NULL,"Joseph Michael","Ducky,Muscles",187,70.0,R,R,1932-09-02,1948-07-25,,medwijo01,medwijo01,medwj101,medwijo01,medwijo01
messean01,0,2,9562,messean01,,messean01h,1945,8,6,USA,NJ,"Toms River",NULL,NULL,NULL,NULL,NULL,NULL,Andy,Messersmith,NULL,"John Alexander",NULL,200,73.0,R,R,1968-07-04,1979-06-01,,messean01,messean01,messa101,messean01,messean01
metzgro01,0,1,9574,metzgro01,,,1947,10,10,USA,TX,Fredericksburg,NULL,NULL,NULL,NULL,NULL,NULL,Roger,Metzger,NULL,"Roger Henry",NULL,165,72.0,B,R,1970-06-16,1980-08-10,,metzgro01,metzgro01,metzr101,metzgro01,metzgro01
mientdo01,0,1,9615,mientdo01,,,1974,6,19,USA,OH,Toledo,NULL,NULL,NULL,NULL,NULL,NULL,Doug,Mientkiewicz,NULL,"Douglas Andrew","Eye Chart",200,74.0,L,R,1998-09-18,NULL,,mientdo01,mientdo01,miend001,mientdo01,mientdo01
millafe01,0,2,9635,millafe01,,millafe01h,1943,8,21,P.R.,,Yabucoa,NULL,NULL,NULL,NULL,NULL,NULL,Felix,Millan,NULL,"Felix Bernardo (Martinez)","the Cat",172,71.0,R,R,1966-06-02,1977-08-12,,millafe01,millafe01,millf105,millafe01,millafe01
milleri01,0,1,9700,milleri01,,,1948,4,19,USA,MI,"Grand Rapids",NULL,NULL,NULL,NULL,NULL,NULL,Rick,Miller,NULL,"Richard Alan","Miller Time",185,72.0,L,L,1971-09-04,1985-10-04,"Michigan State",milleri01,milleri01,millr001,milleri01,milleri01
minosmi01,0,3,9763,minosmi01,,minosmi01h,1925,11,29,Cuba,,Havana,NULL,NULL,NULL,NULL,NULL,NULL,Minnie,Minoso,NULL,"Saturnino Orestes Armas (Arrieta)",NULL,175,70.0,R,R,1949-04-19,1980-10-05,,minosmi01,minosmi01,minom101,minosmi01,minosmi01
mitchke01,1,0,9785,mitchke01,,mitchke01h,1962,1,13,USA,CA,"San Diego",NULL,NULL,NULL,NULL,NULL,NULL,Kevin,Mitchell,NULL,"Kevin Darnell",World,210,71.0,R,R,1984-09-04,1998-08-03,,mitchke01,mitchke01,mitck001,mitchke01,mitchke01
molinbe01,0,2,9823,molinbe01,,,1974,7,20,P.R.,,"Rio Piedras",NULL,NULL,NULL,NULL,NULL,NULL,Bengie,Molina,NULL,"Benjamin Jose",NULL,210,71.0,R,R,1998-09-21,NULL,,molinbe01,molinbe01,molib001,molinbe01,molinbe01
molinya01,0,2,17279,molinya01,,,1982,7,13,P.R.,,Bayamon,NULL,NULL,NULL,NULL,NULL,NULL,Yadier,Molina,NULL,"Yadier B.",NULL,225,71.0,R,R,2004-06-03,NULL,None,,,moliy001,,molinya01
mondera01,0,2,9840,mondera01,,,1971,3,12,D.R.,NULL,"San Cristobal",NULL,NULL,NULL,NULL,NULL,NULL,Raul,Mondesi,NULL,"Raul Ramon (Avelino)",NULL,202,71.0,R,R,1993-07-19,2005-05-27,,mondera01,mondera01,mondr002,mondera01,mondera01
moonwa01,0,1,9873,moonwa01,,moonwa01h,1930,4,3,USA,AR,Bay,NULL,NULL,NULL,NULL,NULL,NULL,Wally,Moon,NULL,"Wallace Wade",NULL,175,72.0,L,R,1954-04-13,1965-09-12,,moonwa01,moonwa01,moonw101,moonwa01,moonwa01
morgajo02,2,5,9973,morgajo02,,morgajo02h,1943,9,19,USA,TX,Bonham,NULL,NULL,NULL,NULL,NULL,NULL,Joe,Morgan,NULL,"Joe Leonard",NULL,160,67.0,L,R,1963-09-21,1984-09-30,,morgajo02,morgajo02,morgj001,morgajo02,morgajo02
morneju01,1,0,16712,morneju01,,,1981,5,15,CAN,BC,"New Westminster",NULL,NULL,NULL,NULL,NULL,NULL,Justin,Morneau,NULL,"Justin Ernest",NULL,205,76.0,L,R,2003-06-10,NULL,None,NULL,NULL,mornj001,NULL,morneju01
munsoth01,1,3,10142,munsoth01,,munsoth01h,1947,6,7,USA,OH,Akron,1979,8,2,USA,OH,Canton,Thurman,Munson,NULL,"Thurman Lee","Tugboat,Squatty Body,The Wall",191,71.0,R,R,1969-08-08,1979-08-01,,munsoth01,munsoth01,munst101,munsoth01,munsoth01
murcebo01,0,1,10146,murcebo01,,murcebo01h,1946,5,20,USA,OK,"Oklahoma City",NULL,NULL,NULL,NULL,NULL,NULL,Bobby,Murcer,NULL,"Bobby Ray",NULL,180,71.0,L,R,1965-09-08,1983-06-11,,murcebo01,murcebo01,murcb101,murcebo01,murcebo01
murphda05,2,5,10159,murphda05,,murphda05h,1956,3,12,USA,OR,Portland,NULL,NULL,NULL,NULL,NULL,NULL,Dale,Murphy,NULL,"Dale Bryan","The Murph",215,77.0,R,R,1976-09-13,1993-05-21,"Brigham Young",murphda05,murphda05,murpd001,murphda05,murphda05
murphdw01,0,6,10167,murphdw01,,,1955,3,18,USA,CA,Merced,NULL,NULL,NULL,NULL,NULL,NULL,Dwayne,Murphy,NULL,"Dwayne Keith",NULL,185,73.0,L,R,1978-04-08,1989-10-01,,murphdw01,murphdw01,murpd002,murphdw01,murphdw01
murraed02,0,3,10196,murraed02,,murraed02h,1956,2,24,USA,CA,"Los Angeles",NULL,NULL,NULL,NULL,NULL,NULL,Eddie,Murray,NULL,"Eddie Clarence","Steady Eddie",200,74.0,B,R,1977-04-07,1997-09-20,"Cal St. Los Angeles",murraed02,murraed02,murre001,murraed02,murraed02
musiast01,3,0,10216,musiast01,,musiast01h,1920,11,21,USA,PA,Donora,NULL,NULL,NULL,NULL,NULL,NULL,Stan,Musial,NULL,"Stanley Frank","Stan the Man",175,72.0,L,L,1941-09-17,1963-09-29,,musiast01,musiast01,musis101,musiast01,musiast01
mussimi01,0,7,10222,mussimi01,,,1968,12,8,USA,PA,Williamsport,NULL,NULL,NULL,NULL,NULL,NULL,Mike,Mussina,NULL,"Michael Cole",Moose,185,74.0,L,R,1991-08-04,2008-09-28,Stanford,mussimi01,mussimi01,mussm001,mussimi01,mussimi01
nealch01,0,1,10295,nealch01,,,1931,1,30,USA,TX,Longview,1996,11,18,USA,TX,Dallas,Charlie,Neal,NULL,"Charles Lenard",NULL,165,70.0,R,R,1956-04-17,1963-09-29,,nealch01,nealch01,nealc101,nealch01,nealch01
nettlgr01,0,2,10342,nettlgr01,,nettlgr01h,1944,8,20,USA,CA,"San Diego",NULL,NULL,NULL,NULL,NULL,NULL,Graig,Nettles,NULL,Graig,NULL,186,72.0,L,R,1967-09-06,1988-10-01,"San Diego State",nettlgr01,nettlgr01,nettg001,nettlgr01,nettlgr01
newcodo01,1,0,10356,newcodo01,,newcodo01h,1926,6,14,USA,NJ,Madison,NULL,NULL,NULL,NULL,NULL,NULL,Don,Newcombe,NULL,Donald,Newk,225,76.0,L,R,1949-05-20,1960-10-01,,newcodo01,newcodo01,newcd101,newcodo01,newcodo01
newhoha01,2,0,10363,newhoha01,,newhoha01h,1921,5,20,USA,MI,Detroit,1998,11,10,USA,MI,Southfield,Hal,Newhouser,NULL,Harold,"Prince Hal",192,74.0,L,L,1939-09-29,1955-05-03,,newhoha01,newhoha01,newhh101,newhoha01,newhoha01
niekrph01,0,5,10413,niekrph01,,niekrph01h,1939,4,1,USA,OH,Blaine,NULL,NULL,NULL,NULL,NULL,NULL,Phil,Niekro,NULL,"Philip Henry",Knucksie,180,73.0,R,R,1964-04-15,1987-09-27,,niekrph01,niekrph01,niekp001,niekrph01,niekrph01
norrimi01,0,2,10471,norrimi01,,,1955,3,19,USA,CA,"San Francisco",NULL,NULL,NULL,NULL,NULL,NULL,Mike,Norris,NULL,"Michael Kelvin",NULL,175,74.0,R,R,1975-04-10,1990-07-04,"San Francisco CC",norrimi01,norrimi01,norrm101,norrimi01,norrimi01
ofarrbo01,1,0,10560,ofarrbo01,ofarrbo01m,ofarrbo01h,1896,10,19,USA,IL,Waukegan,1988,2,20,USA,IL,Waukegan,Bob,O'Farrell,NULL,"Robert Arthur",NULL,180,NULL,R,R,1915-09-05,1935-09-23,,ofarbo01,o'farbo01,ofarb101,ofarbo01,o'farbo01
olerujo01,0,3,10652,olerujo01,,,1968,8,5,USA,WA,Seattle,NULL,NULL,NULL,NULL,NULL,NULL,John,Olerud,NULL,"John Garrett",NULL,220,77.0,L,L,1989-09-03,2005-10-02,"Washington State",olerujo01,olerujo01,olerj001,olerujo01,olerujo01
olivato01,0,1,10656,olivato01,,olivato01h,1938,7,20,Cuba,,"Pinar Del Rio",NULL,NULL,NULL,NULL,NULL,NULL,Tony,Oliva,"also known as Pedro Oliva","Antonio Lopez Hernandes (Javique)",NULL,190,74.0,L,R,1962-09-09,1976-09-29,,olivato01,olivato01,olivt102,olivato01,olivato01
ordonre01,0,3,10698,ordonre01,,,1971,11,11,Cuba,,Havana,NULL,NULL,NULL,NULL,NULL,NULL,Rey,Ordonez,NULL,"Reinaldo (Pereira)",NULL,160,69.0,R,R,1996-04-01,2004-07-17,Fajardo,ordonre01,ordonre01,ordor001,ordonre01,ordonre01
otisam01,0,3,10761,otisam01,,,1947,4,26,USA,AL,Mobile,NULL,NULL,NULL,NULL,NULL,NULL,Amos,Otis,NULL,"Amos Joseph",A.O.,166,71.0,R,R,1967-09-06,1984-08-05,,otisam01,otisam01,otisa001,otisam01,otisam01
pagnoto01,0,3,10831,pagnoto01,,,1962,7,30,USA,AZ,Tucson,NULL,NULL,NULL,NULL,NULL,NULL,Tom,Pagnozzi,NULL,"Thomas Alan",NULL,190,73.0,R,R,1987-04-12,1998-08-15,Arkansas,pagnoto01,pagnoto01,pagnt001,pagnoto01,pagnoto01
palmeji01,0,4,10848,palmeji01,,palmeji01h,1945,10,15,USA,NY,"New York",NULL,NULL,NULL,NULL,NULL,NULL,Jim,Palmer,NULL,"James Alvin",Cakes,196,75.0,R,R,1965-04-17,1984-05-12,,palmeji01,palmeji01,palmj001,palmeji01,palmeji01
palmera01,0,3,10843,palmera01,,,1964,9,24,Cuba,NULL,Havana,NULL,NULL,NULL,NULL,NULL,NULL,Rafael,Palmeiro,NULL,"Rafael (Corrales)",NULL,188,72.0,L,L,1986-09-08,2005-08-30,"Mississippi State",palmera01,palmera01,palmr001,palmera01,palmera01
parkeda01,1,3,10879,parkeda01,,parkeda01h,1951,6,9,USA,MS,Calhoun,NULL,NULL,NULL,NULL,NULL,NULL,Dave,Parker,NULL,"David Gene",Cobra,230,77.0,L,R,1973-07-12,1991-10-02,,parkeda01,parkeda01,parkd001,parkeda01,parkeda01
parkewe01,0,6,10888,parkewe01,,,1939,11,13,USA,IL,Evanston,NULL,NULL,NULL,NULL,NULL,NULL,Wes,Parker,NULL,"Maurice Wesley","Mr. Steady",180,73.0,B,L,1964-04-19,1972-10-01,,parkewe01,parkewe01,parkw101,parkewe01,parkewe01
parrila02,0,3,10904,parrila02,,parrila02h,1956,6,15,USA,PA,Clairton,NULL,NULL,NULL,NULL,NULL,NULL,Lance,Parrish,NULL,"Lance Michael","Big Wheel",220,75.0,R,R,1977-09-05,1995-09-23,,parrila02,parrila02,parrl001,parrila02,parrila02
peckiro01,1,0,11006,peckiro01,peckiro01m,peckiro01h,1891,2,5,USA,OH,Wooster,1977,11,17,USA,OH,Cleveland,Roger,Peckinpaugh,NULL,"Roger Thorpe",NULL,165,NULL,R,R,1910-09-15,1927-09-25,,peckiro01,peckiro01,peckr101,peckiro01,peckiro01
pedrodu01,1,1,17856,pedrodu01,,,1983,8,17,USA,CA,Woodland,NULL,NULL,NULL,NULL,NULL,NULL,Dustin,Pedroia,NULL,"Dustin Luis",NULL,180,69.0,R,R,2006-08-22,NULL,"Arizona State",NULL,NULL,pedrd001,NULL,pedrodu01
penaca01,0,1,11033,penaca01,,,1978,5,17,D.R.,,"Santo Domingo",NULL,NULL,NULL,NULL,NULL,NULL,Carlos,Pena,NULL,NULL,NULL,210,74.0,L,L,2001-09-05,NULL,,penaca01,penaca01,penac001,penaca01,penaca01
penato01,0,4,11044,penato01,penato01m,penato01h,1957,6,4,D.R.,NULL,"Monte Cristi",NULL,NULL,NULL,NULL,NULL,NULL,Tony,Pena,NULL,"Antonio Francisco (Padilla)",NULL,181,72.0,R,R,1980-09-01,1997-09-28,,penato01,penato01,penat001,penato01,penato01
pendlte01,1,3,11048,pendlte01,,pendlte01h,1960,7,16,USA,CA,"Los Angeles",NULL,NULL,NULL,NULL,NULL,NULL,Terry,Pendleton,NULL,"Terry Lee",NULL,180,69.0,B,R,1984-07-18,1998-09-25,"Fresno State",pendlte01,pendlte01,pendt001,pendlte01,pendlte01
pepitjo01,0,3,11059,pepitjo01,,,1940,10,9,USA,NY,Brooklyn,NULL,NULL,NULL,NULL,NULL,NULL,Joe,Pepitone,NULL,"Joseph Anthony",Pepi,200,74.0,L,L,1962-04-10,1973-05-25,,pepitjo01,pepitjo01,pepij101,pepitjo01,pepitjo01
perezne01,0,1,11080,perezne01,,,1973,6,2,D.R.,,"Villa Mella",NULL,NULL,NULL,NULL,NULL,NULL,Neifi,Perez,NULL,"Neifi Neftali (Diaz)",NULL,175,72.0,B,R,1996-08-31,2007-07-05,,perezne01,perezne01,peren001,perezne01,perezne01
pettiga01,0,5,11157,pettiga01,,,1958,4,3,USA,CA,Oakland,NULL,NULL,NULL,NULL,NULL,NULL,Gary,Pettis,NULL,"Gary George",NULL,165,73.0,B,R,1982-09-13,1992-09-10,"Laney JC",pettiga01,pettiga01,pettg001,pettiga01,pettiga01
phillbr01,0,1,15832,phillbr01,,,1981,6,28,USA,NC,Raleigh,NULL,NULL,NULL,NULL,NULL,NULL,Brandon,Phillips,NULL,"Brandon Emil",NULL,185,71.0,R,R,2002-09-13,NULL,None,NULL,NULL,philb001,NULL,phillbr01
piersji01,0,2,11256,piersji01,,,1929,11,14,USA,CT,Waterbury,NULL,NULL,NULL,NULL,NULL,NULL,Jim,Piersall,NULL,"James Anthony",NULL,175,72.0,R,R,1950-09-07,1967-05-01,,piersji01,piersji01,pierj102,piersji01,piersji01
pinsova01,0,1,11282,pinsova01,,pinsova01h,1938,8,11,USA,TN,Memphis,1995,10,21,USA,CA,Oakland,Vada,Pinson,NULL,"Vada Edward (Jr.)",NULL,181,71.0,L,L,1958-04-15,1975-09-28,,pinsova01,pinsova01,pinsv101,pinsova01,pinsova01
polanpl01,0,2,11339,polanpl01,,,1975,10,10,D.R.,,"Santo Domingo",NULL,NULL,NULL,NULL,NULL,NULL,Placido,Polanco,NULL,"Placido Enrique",Polly,168,70.0,R,R,1998-07-03,NULL,,polanpl01,polanpl01,polap001,polanpl01,polanpl01
powelbo01,1,0,11413,powelbo01,,powelbo01h,1941,8,17,USA,FL,Lakeland,NULL,NULL,NULL,NULL,NULL,NULL,Boog,Powell,NULL,"John Wesley",NULL,240,76.0,L,R,1961-09-26,1977-08-24,,powelbo01,powelbo01,poweb101,powelbo01,powelbo01
powervi01,0,7,11432,powervi01,,powervi01h,1927,11,1,P.R.,,Arecibo,2005,11,29,P.R.,,Bayamon,Vic,Power,"born Victor Felipe Pellot (Pove)","Victor Pellot (Pove)",NULL,195,71.0,R,R,1954-04-13,1965-10-03,,powervi01,powervi01,powev101,powervi01,powervi01
puckeki01,0,6,11497,puckeki01,,puckeki01h,1960,3,14,USA,IL,Chicago,2006,3,6,USA,AZ,Phoenix,Kirby,Puckett,NULL,Kirby,NULL,210,68.0,R,R,1984-05-08,1995-09-28,"Triton (IL) CC",puckeki01,puckeki01,puckk001,puckeki01,puckeki01
pujolal01,3,1,11504,pujolal01,,,1980,1,16,D.R.,,"Santo Domingo",NULL,NULL,NULL,NULL,NULL,NULL,Albert,Pujols,NULL,"Jose Alberto","Prince Albert,Phat Albert, The Machine, El Hombre",210,75.0,R,R,2001-04-02,NULL,"Maple Woods CC",pujolal01,pujolal01,pujoa001,pujolal01,pujolal01
raderdo02,0,5,11585,raderdo02,raderdo02m,,1944,7,30,USA,IL,Chicago,NULL,NULL,NULL,NULL,NULL,NULL,Doug,Rader,NULL,"Douglas Lee","Rojo,The Red Rooster",215,75.0,R,R,1967-07-31,1977-10-02,,raderdo02,raderdo02,raded103,raderdo02,raderdo02
reesepo01,0,2,11743,reesepo01,,,1973,6,10,USA,SC,Columbia,NULL,NULL,NULL,NULL,NULL,NULL,Pokey,Reese,NULL,"Calvin (Jr.)",NULL,180,71.0,R,R,1997-04-01,2004-10-03,,reesepo01,reesepo01,reesp001,reesepo01,reesepo01
reitzke01,0,1,11792,reitzke01,,,1951,6,24,USA,CA,"San Francisco",NULL,NULL,NULL,NULL,NULL,NULL,Ken,Reitz,NULL,"Kenneth John",Zamboni,185,72.0,R,R,1972-09-05,1982-06-03,,reitzke01,reitzke01,reitk101,reitzke01,reitzke01
renteed01,0,2,11810,renteed01,,,1975,8,7,Colombia,NULL,Barranquilla,NULL,NULL,NULL,NULL,NULL,NULL,Edgar,Renteria,NULL,"Edgar Enrique",NULL,172,73.0,R,R,1996-05-10,NULL,,renteed01,renteed01,rente001,renteed01,renteed01
reuscri01,0,2,11825,reuscri01,,reuscri01h,1949,5,16,USA,IL,Quincy,NULL,NULL,NULL,NULL,NULL,NULL,Rick,Reuschel,NULL,"Rickey Eugene","Big Daddy",235,75.0,R,R,1972-06-19,1991-04-22,"Western Illinois",reuscri01,reuscri01,reusr001,reuscri01,reuscri01
reynoha01,0,3,11846,reynoha01,,,1960,11,26,USA,OR,Eugene,NULL,NULL,NULL,NULL,NULL,NULL,Harold,Reynolds,NULL,"Harold Craig",NULL,165,71.0,B,R,1983-09-02,1994-08-07,"Cal St. Long Beach",reynoha01,reynoha01,reynh001,reynoha01,reynoha01
riceji01,1,0,11876,riceji01,,riceji01h,1953,3,8,USA,SC,Anderson,NULL,NULL,NULL,NULL,NULL,NULL,Jim,Rice,NULL,"James Edward",NULL,205,74.0,R,R,1974-08-19,1989-08-03,,riceji01,riceji01,ricej001,riceji01,riceji01
richabo01,0,5,11891,richabo01,,richabo01h,1935,8,19,USA,SC,Sumter,NULL,NULL,NULL,NULL,NULL,NULL,Bobby,Richardson,NULL,"Robert Clinton",NULL,170,69.0,R,R,1955-08-05,1966-10-02,,richabo01,richabo01,richb102,richabo01,richabo01
ripkeca01,2,2,11968,ripkeca01,,ripkeca01h,1960,8,24,USA,MD,"Havre De Grace",NULL,NULL,NULL,NULL,NULL,NULL,Cal,Ripken,NULL,"Calvin Edwin (Jr.)","Iron Man",225,76.0,R,R,1981-08-10,2001-10-06,,ripkeca01,ripkeca01,ripkc001,ripkeca01,ripkeca01
rizzuph01,1,0,12009,rizzuph01,,rizzuph01h,1916,9,25,USA,NY,Brooklyn,2007,8,13,NULL,NULL,NULL,Phil,Rizzuto,"born Fiero","Philip Francis",Scooter,160,66.0,R,R,1941-04-14,1956-08-16,,rizzuph01,rizzuph01,rizzp101,rizzuph01,rizzuph01
robinbr01,1,16,12058,robinbr01,,robinbr01h,1937,5,18,USA,AR,"Little Rock",NULL,NULL,NULL,NULL,NULL,NULL,Brooks,Robinson,NULL,"Brooks Calbert (Jr.)","Vacuum Cleaner",190,73.0,R,R,1955-09-17,1977-08-13,,robinbr01,robinbr01,robib104,robinbr01,robinbr01
robinfr02,2,1,12068,robinfr02,robinfr02m,robinfr02h,1935,8,31,USA,TX,Beaumont,NULL,NULL,NULL,NULL,NULL,NULL,Frank,Robinson,NULL,Frank,NULL,195,73.0,R,R,1956-04-17,1976-09-18,,robinfr02,robinfr02,robif103,robinfr02,robinfr02
robinja02,1,0,12074,robinja02,,robinja02h,1919,1,31,USA,GA,Cairo,1972,10,24,USA,CT,Stamford,Jackie,Robinson,NULL,"Jack Roosevelt",NULL,204,71.0,R,R,1947-04-15,1956-09-30,,robinja02,robinja02,robij103,robinja02,robinja02
rodrial01,3,2,12106,rodrial01,,,1975,7,27,USA,NY,"New York",NULL,NULL,NULL,NULL,NULL,NULL,Alex,Rodriguez,NULL,"Alexander Emmanuel",A-Rod,190,75.0,R,R,1994-07-08,NULL,,rodrial01,rodrial01,rodra001,rodrial01,rodrial01
rodriau01,0,1,12107,rodriau01,,,1947,12,28,Mexico,26,Cananea,2000,9,23,USA,MI,Detroit,Aurelio,Rodriguez,NULL,"Aurelio (Ituarte Jr.)",NULL,180,70.0,R,R,1967-09-01,1983-10-01,,rodriau01,rodriau01,rodra101,rodriau01,rodriau01
rodriiv01,1,13,12117,rodriiv01,,,1971,11,27,P.R.,NULL,Manati,NULL,NULL,NULL,NULL,NULL,NULL,Ivan,Rodriguez,NULL,"Ivan (Torres)","Pudge,I-Rod",205,69.0,R,R,1991-06-20,NULL,,rodriiv01,rodriiv01,rodri001,rodriiv01,rodriiv01
rogerke01,0,5,12149,rogerke01,,,1964,11,10,USA,GA,Savannah,NULL,NULL,NULL,NULL,NULL,NULL,Kenny,Rogers,NULL,"Kenneth Scott","the Gambler",205,73.0,L,L,1989-04-06,2008-09-14,,rogerke01,rogerke01,rogek001,rogerke01,rogerke01
rolensc01,0,7,12172,rolensc01,,,1975,4,4,USA,IN,Evansville,NULL,NULL,NULL,NULL,NULL,NULL,Scott,Rolen,NULL,"Scott Bruce",NULL,240,76.0,R,R,1996-08-01,NULL,,rolensc01,rolensc01,roles001,rolensc01,rolensc01
rolliji01,1,3,12177,rolliji01,,,1978,11,27,USA,CA,Oakland,NULL,NULL,NULL,NULL,NULL,NULL,Jimmy,Rollins,NULL,NULL,J-Roll,160,68.0,B,R,2000-09-17,NULL,,rolliji01,rolliji01,rollj001,rolliji01,rolliji01
rosebjo01,0,2,12225,rosebjo01,,,1933,5,13,USA,OH,Ashland,2002,8,16,USA,CA,"Los Angeles",Johnny,Roseboro,NULL,"John Junior",NULL,190,70.5,L,R,1957-06-14,1970-08-11,,rosebjo01,rosebjo01,rosej101,rosebjo01,rosebjo01
rosenal01,1,0,12230,rosenal01,,,1924,2,29,USA,SC,Spartanburg,NULL,NULL,NULL,NULL,NULL,NULL,Al,Rosen,NULL,"Albert Leonard",Flip,180,NULL,R,R,1947-09-10,1956-09-30,,rosenal01,rosenal01,rosea101,rosenal01,rosenal01
rosepe01,1,2,12223,rosepe01,rosepe01m,rosepe01h,1941,4,14,USA,OH,Cincinnati,NULL,NULL,NULL,NULL,NULL,NULL,Pete,Rose,NULL,"Peter Edward (Sr.)","Charlie Hustle",200,71.0,B,R,1963-04-08,1986-08-17,,rosepe01,rosepe01,rosep001,rosepe01,rosepe01
rowanaa01,0,1,12271,rowanaa01,,,1977,8,29,USA,OR,Portland,NULL,NULL,NULL,NULL,NULL,NULL,Aaron,Rowand,NULL,"Aaron Ryan",NULL,200,73.0,R,R,2001-06-16,NULL,"Cal St. Fullerton",rowanaa01,rowanaa01,rowaa001,rowanaa01,rowanaa01
rudijo01,0,3,12305,rudijo01,,,1946,9,7,USA,CA,Modesto,NULL,NULL,NULL,NULL,NULL,NULL,Joe,Rudi,NULL,"Joseph Oden",NULL,200,74.0,R,R,1967-04-11,1982-10-03,,rudijo01,rudijo01,rudij101,rudijo01,rudijo01
ruthba01,1,0,12352,ruthba01,,ruthba01h,1895,2,6,USA,MD,Baltimore,1948,8,16,USA,NY,"New York",Babe,Ruth,NULL,"George Herman","The Bambino,The Sultan Of Swat",215,74.0,L,L,1914-07-11,1935-05-30,,ruthba01,ruthba01,ruthb101,ruthba01,ruthba01
saberbr01,0,1,12383,saberbr01,,saberbr01h,1964,4,11,USA,IL,"Chicago Heights",NULL,NULL,NULL,NULL,NULL,NULL,Bret,Saberhagen,NULL,"Bret William",NULL,195,73.0,R,R,1984-04-04,2001-08-07,,saberbr01,saberbr01,sabeb001,saberbr01,saberbr01
sandbry01,1,9,12447,sandbry01,,sandbry01h,1959,9,18,USA,WA,Spokane,NULL,NULL,NULL,NULL,NULL,NULL,Ryne,Sandberg,NULL,"Ryne Dee",Ryno,180,74.0,R,R,1981-09-02,1997-09-28,,sandbry01,sandbry01,sandr001,sandbry01,sandbry01
santajo01,0,1,12474,santajo01,,,1979,3,13,Venezuela,,Tovar,NULL,NULL,NULL,NULL,NULL,NULL,Johan,Santana,NULL,NULL,NULL,195,72.0,L,L,2000-04-03,NULL,,santajo02,santajo02,santj003,santajo02,santajo02
santibe01,0,3,12480,santibe01,,,1965,3,9,P.R.,NULL,Ponce,NULL,NULL,NULL,NULL,NULL,NULL,Benito,Santiago,NULL,"Benito (Rivera)",NULL,182,73.0,R,R,1986-09-14,2005-04-11,,santibe01,santibe01,santb001,santibe01,santibe01
santoro01,0,5,12484,santoro01,,santoro01h,1940,2,25,USA,WA,Seattle,NULL,NULL,NULL,NULL,NULL,NULL,Ron,Santo,NULL,"Ronald Edward",NULL,190,72.0,R,R,1960-06-26,1974-09-29,,santoro01,santoro01,santr102,santoro01,santoro01
sauerha01,1,0,12502,sauerha01,,sauerha01h,1917,3,17,USA,PA,Pittsburgh,2001,8,24,USA,CA,Burlingame,Hank,Sauer,NULL,"Henry John","The Honker",199,76.0,R,R,1941-09-09,1959-08-17,,sauerha01,sauerha01,saueh101,sauerha01,sauerha01
schmimi01,3,10,12634,schmimi01,,schmimi01h,1949,9,27,USA,OH,Dayton,NULL,NULL,NULL,NULL,NULL,NULL,Mike,Schmidt,NULL,"Michael Jack",NULL,203,74.0,R,R,1972-09-12,1989-05-28,Ohio,schmimi01,schmimi01,schmm001,schmimi01,schmimi01
schulfr01,1,0,12680,schulfr01,,schulfr01h,1882,9,17,USA,NY,Cohocton,1949,10,2,USA,CA,Oakland,Frank,Schulte,NULL,"Frank M.",Wildfire,170,71.0,L,R,1904-09-21,1918-09-02,,schulfr01,schulfr01,schuf103,schulfr01,schulfr01
scottge02,0,8,12734,scottge02,,scottge02h,1944,3,23,USA,MS,Greenville,NULL,NULL,NULL,NULL,NULL,NULL,George,Scott,NULL,"George Charles (Jr.)",Boomer,215,74.0,R,R,1966-04-12,1979-09-27,,scottge02,scottge02,scotg102,scottge02,scottge02
shantbo01,1,8,12868,shantbo01,,shantbo01h,1925,9,26,USA,PA,Pottstown,NULL,NULL,NULL,NULL,NULL,NULL,Bobby,Shantz,NULL,"Robert Clayton",NULL,142,66.0,R,L,1949-05-01,1964-09-29,,shantbo01,shantbo01,shanb102,shantbo01,shantbo01
siebeno01,0,1,13024,siebeno01,,,1933,7,26,USA,MO,"St. Louis",NULL,NULL,NULL,NULL,NULL,NULL,Norm,Siebern,NULL,"Norman Leroy",NULL,205,75.0,L,R,1956-06-15,1968-07-30,,siebeno01,siebeno01,siebn101,siebeno01,siebeno01
sislege01,1,0,13102,sislege01,sislege01m,sislege01h,1893,3,24,USA,OH,Manchester,1973,3,26,USA,MO,"Richmond Heights",George,Sisler,NULL,"George Harold","Gorgeous George",170,71.0,L,L,1915-06-28,1930-09-22,,sislege01,sislege01,sislg101,sislege01,sislege01
sizemgr01,0,2,17136,sizemgr01,,,1982,8,2,USA,WA,Seattle,NULL,NULL,NULL,NULL,NULL,NULL,Grady,Sizemore,NULL,"Grady (III)",NULL,200,74.0,L,L,2004-07-21,NULL,None,,,sizeg001,,sizemgr01
smithoz01,0,13,13273,smithoz01,,smithoz01h,1954,12,26,USA,AL,Mobile,NULL,NULL,NULL,NULL,NULL,NULL,Ozzie,Smith,NULL,"Osborne Earl","Wizard of Oz",150,71.0,B,R,1978-04-07,1996-09-29,"Cal Poly San Luis Obispo",smithoz01,smithoz01,smito001,smithoz01,smithoz01
smithre06,0,1,13287,smithre06,,smithre06h,1945,4,2,USA,LA,Shreveport,NULL,NULL,NULL,NULL,NULL,NULL,Reggie,Smith,NULL,"Carl Reginald",NULL,195,72.0,B,R,1966-09-18,1982-10-03,,smithre06,smithre06,smitr101,smithre06,smithre06
snowjt01,0,6,13330,snowjt01,,,1968,2,26,USA,CA,"Long Beach",NULL,NULL,NULL,NULL,NULL,NULL,J.T.,Snow,NULL,"Jack Thomas",NULL,202,74.0,L,L,1992-09-20,2008-09-27,Arizona,snowj01,snowj.01,snowj001,snowj01,snowj.01
sosasa01,1,0,13381,sosasa01,,,1968,11,12,D.R.,,"San Pedro de Macoris",NULL,NULL,NULL,NULL,NULL,NULL,Sammy,Sosa,NULL,"Samuel Peralta","Slammin' Sammy, Say it Ain't Sosa",220,72.0,R,R,1989-06-16,2007-09-29,,sosasa01,sosasa01,sosas001,sosasa01,sosasa01
speaktr01,1,0,13405,speaktr01,speaktr01m,speaktr01h,1888,4,4,USA,TX,Hubbard,1958,12,8,USA,TX,"Lake Whitney",Tris,Speaker,NULL,"Tristram E","The Grey Eagle, Spoke",193,NULL,L,L,1907-09-14,1928-08-30,,speaktr01,speaktr01,speat101,speaktr01,speaktr01
spencji01,0,2,13424,spencji01,,,1947,7,30,USA,PA,Hanover,2002,2,10,USA,FL,"Fort Lauderdale",Jim,Spencer,NULL,"James Lloyd",Spence,195,74.0,L,L,1968-09-07,1982-06-20,,spencji01,spencji01,spenj101,spencji01,spencji01
squirmi01,0,1,13475,squirmi01,,,1952,3,5,USA,MI,Kalamazoo,NULL,NULL,NULL,NULL,NULL,NULL,Mike,Squires,NULL,"Michael Lynn",Spanky,185,71.0,L,L,1975-09-01,1985-09-24,"Western Michigan",squirmi01,squirmi01,squim001,squirmi01,squirmi01
stanlmi01,0,4,13524,stanlmi01,,stanlmi01h,1942,7,20,USA,MI,"Grand Rapids",NULL,NULL,NULL,NULL,NULL,NULL,Mickey,Stanley,NULL,"Mitchell Jack",NULL,195,73.0,R,R,1964-09-13,1978-09-28,,stanlmi01,stanlmi01,stanm101,stanlmi01,stanlmi01
stargwi01,1,0,13536,stargwi01,,stargwi01h,1940,3,6,USA,OK,Earlsboro,2001,4,9,USA,NC,Wilmington,Willie,Stargell,NULL,"Wilver Dornel",Pops,225,74.0,L,L,1962-09-16,1982-10-03,,stargwi01,stargwi01,starw101,stargwi01,stargwi01
sundbji01,0,6,13848,sundbji01,,sundbji01h,1951,5,18,USA,IL,Galesburg,NULL,NULL,NULL,NULL,NULL,NULL,Jim,Sundberg,NULL,"James Howard",NULL,195,72.0,R,R,1974-04-04,1989-09-24,Iowa,sundbji01,sundbji01,sundj001,sundbji01,sundbji01
suzukic01,1,9,13875,suzukic01,,,1973,10,22,Japan,,Kasugai,NULL,NULL,NULL,NULL,NULL,NULL,Ichiro,Suzuki,NULL,NULL,NULL,160,69.0,L,R,2001-04-02,NULL,,suzukic01,suzukic01,suzui001,suzukic01,suzukic01
teixema01,0,3,16805,teixema01,,,1980,4,11,USA,MD,"Severna Park",NULL,NULL,NULL,NULL,NULL,NULL,Mark,Teixeira,NULL,"Mark Charles",NULL,215,74.0,B,R,2003-04-01,NULL,"Georgia Tech",NULL,NULL,teixm001,NULL,teixema01
tejadmi01,1,0,14043,tejadmi01,,,1974,5,25,D.R.,NULL,Bani,NULL,NULL,NULL,NULL,NULL,NULL,Miguel,Tejada,NULL,"Miguel Odalis (Martinez)",NULL,170,70.0,R,R,1997-08-27,NULL,,tejadmi01,tejadmi01,tejam001,tejadmi01,tejadmi01
thomafr04,2,0,14118,thomafr04,,,1968,5,27,USA,GA,Columbus,NULL,NULL,NULL,NULL,NULL,NULL,Frank,Thomas,NULL,"Frank Edward","Big Hurt",257,77.0,R,R,1990-08-02,2008-08-29,Auburn,thomafr04,thomafr04,thomf001,thomafr04,thomafr04
thompro01,0,1,14173,thompro01,,,1962,5,10,USA,FL,"West Palm Beach",NULL,NULL,NULL,NULL,NULL,NULL,Robby,Thompson,NULL,"Robert Randall",NULL,170,71.0,R,R,1986-04-08,1996-09-22,Florida,thompro01,thompro01,thomr003,thompro01,thompro01
torrejo01,1,1,14286,torrejo01,torrejo01m,torrejo01h,1940,7,18,USA,NY,Brooklyn,NULL,NULL,NULL,NULL,NULL,NULL,Joe,Torre,NULL,"Joseph Paul",NULL,212,74.0,R,R,1960-09-25,1977-06-17,,torrejo01,torrejo01,torrj101,torrejo01,torrejo01
trammal01,0,4,14321,trammal01,trammal01m,trammal01h,1958,2,21,USA,CA,"Garden Grove",NULL,NULL,NULL,NULL,NULL,NULL,Alan,Trammell,NULL,"Alan Stuart",NULL,175,72.0,R,R,1977-09-09,1996-09-29,,trammal01,trammal01,trama001,trammal01,trammal01
treshto01,0,1,14346,treshto01,,,1937,9,20,USA,MI,Detroit,NULL,NULL,NULL,NULL,NULL,NULL,Tom,Tresh,NULL,"Thomas Michael",NULL,191,72.0,B,R,1961-09-03,1969-09-29,,treshto01,treshto01,trest101,treshto01,treshto01
trillma01,0,3,14351,trillma01,,,1950,12,25,Venezuela,NULL,Caripito,NULL,NULL,NULL,NULL,NULL,NULL,Manny,Trillo,"born Jesus Manuel Marcano (Trillo)","Jesus Manuel Marcano",NULL,164,73.0,R,R,1973-06-28,1989-05-20,"Col. Libertado Bolivar",trillma01,trillma01,trilm001,trillma01,trillma01
valenel01,0,1,14506,valenel01,,valenel01h,1954,7,30,USA,AR,Helena,NULL,NULL,NULL,NULL,NULL,NULL,Ellis,Valentine,NULL,"Ellis Clarence",NULL,207,76.0,R,R,1975-09-03,1985-10-02,,valenel01,valenel01,valee001,valenel01,valenel01
valenfe01,0,1,14511,valenfe01,,valenfe01h,1960,11,1,Mexico,26,Navojoa,NULL,NULL,NULL,NULL,NULL,NULL,Fernando,Valenzuela,NULL,"Fernando (Anguamea)","El Toro",195,71.0,L,L,1980-09-15,1997-07-14,,valenfe01,valenfe01,valef001,valenfe01,valenfe01
vanceda01,1,0,14539,vanceda01,,vanceda01h,1891,3,4,USA,IA,Orient,1961,2,16,USA,FL,"Homosassa Springs",Dazzy,Vance,NULL,"Clarence Arthur",NULL,200,74.0,R,R,1915-04-16,1935-08-14,,vanceda01,vanceda01,vancd101,vanceda01,vanceda01
vanslan01,0,5,14536,vanslan01,,,1960,12,21,USA,NY,Utica,NULL,NULL,NULL,NULL,NULL,NULL,Andy,"Van Slyke",NULL,"Andrew James",NULL,192,74.0,L,R,1983-06-17,1995-10-01,,vanslan01,vanslan01,vansa001,vanslan01,vanslan01
varitja01,0,1,14553,varitja01,,,1972,4,11,USA,MI,Rochester,NULL,NULL,NULL,NULL,NULL,NULL,Jason,Varitek,NULL,"Jason Andrew",NULL,210,74.0,B,R,1997-09-24,NULL,"Georgia Tech",varitja01,varitja01,varij001,varitja01,varitja01
vaughmo01,1,0,14571,vaughmo01,,vaughmo01h,1967,12,15,USA,CT,Norwalk,NULL,NULL,NULL,NULL,NULL,NULL,Mo,Vaughn,NULL,"Maurice Samuel","Hit Dog",230,73.0,L,R,1991-06-27,2003-05-02,"Seton Hall",vaughmo01,vaughmo01,vaugm001,vaughmo01,vaughmo01
venturo01,0,6,14594,venturo01,,,1967,7,14,USA,CA,"Santa Maria",NULL,NULL,NULL,NULL,NULL,NULL,Robin,Ventura,NULL,"Robin Mark",NULL,198,73.0,L,R,1989-09-12,2004-10-02,"Oklahoma State",venturo01,venturo01,ventr001,venturo01,venturo01
versazo01,1,2,14611,versazo01,,,1939,12,18,Cuba,NULL,Veldado,1995,6,9,USA,MN,Bloomington,Zoilo,Versalles,NULL,"Zoilo Casanova (Rodriguez)",Zorro,150,70.0,R,R,1959-08-01,1971-09-28,,versazo01,versazo01,versz101,versazo01,versazo01
victosh01,0,2,16783,victosh01,,,1980,11,30,USA,HI,Wailuku,NULL,NULL,NULL,NULL,NULL,NULL,Shane,Victorino,NULL,"Shane Patrick","Flyin' Hawaiian",160,69.0,B,R,2003-04-02,NULL,None,NULL,NULL,victs001,NULL,victosh01
vinafe01,0,2,14626,vinafe01,,,1969,4,16,USA,CA,Sacramento,NULL,NULL,NULL,NULL,NULL,NULL,Fernando,Vina,NULL,Fernando,NULL,170,69.0,L,R,1993-04-10,2004-05-11,,vinafe01,vinafe01,vinaf001,vinafe01,vinafe01
virdobi01,0,1,14635,virdobi01,virdobi01m,virdobi01h,1931,6,9,USA,MI,"Hazel Park",NULL,NULL,NULL,NULL,NULL,NULL,Bill,Virdon,NULL,"William Charles",NULL,175,72.0,L,R,1955-04-12,1968-07-31,,virdobi01,virdobi01,virdb101,virdobi01,virdobi01
vizquom01,0,11,14646,vizquom01,,,1967,4,24,Venezuela,,Caracas,NULL,NULL,NULL,NULL,NULL,NULL,Omar,Vizquel,NULL,"Omar Enrique (Gonzalez)","Little O",165,69.0,B,R,1989-04-03,NULL,,vizquom01,vizquom01,vizqo001,vizquom01,vizquom01
wainwad01,0,1,17523,wainwad01,,,1981,8,30,USA,GA,Brunswick,NULL,NULL,NULL,NULL,NULL,NULL,Adam,Wainwright,NULL,"Adam P.",NULL,205,79.0,R,R,2005-09-11,NULL,NULL,NULL,NULL,waina001,NULL,wainwad01
walkela01,1,7,14736,walkela01,,,1966,12,1,CAN,BC,"Maple Ridge",NULL,NULL,NULL,NULL,NULL,NULL,Larry,Walker,NULL,"Larry Kenneth Robert",NULL,215,75.0,L,R,1989-08-16,2005-10-02,,walkela01,walkela01,walkl001,walkela01,walkela01
wallati01,0,3,14772,wallati01,,wallati01h,1957,9,14,USA,CA,"Huntington Park",NULL,NULL,NULL,NULL,NULL,NULL,Tim,Wallach,NULL,"Timothy Charles",NULL,200,75.0,R,R,1980-09-06,1996-09-29,"Cal St. Fullerton",wallati01,wallati01,wallt001,wallati01,wallati01
waltebu01,1,0,14800,waltebu01,waltebu01m,waltebu01h,1909,4,19,USA,PA,Philadelphia,1991,4,20,USA,PA,Abington,Bucky,Walters,NULL,"William Henry",NULL,180,73.0,R,R,1931-09-18,1950-07-23,,waltebu01,waltebu01,waltb102,waltebu01,waltebu01
wanerpa01,1,0,14814,wanerpa01,,wanerpa01h,1903,4,16,USA,OK,Harrah,1965,8,29,USA,FL,Sarasota,Paul,Waner,NULL,"Paul Glee","Big Poison",153,NULL,L,L,1926-04-13,1945-04-26,,wanerpa01,wanerpa01,wanep101,wanerpa01,wanerpa01
wellsve01,0,3,15002,wellsve01,,,1978,12,8,USA,LA,Shreveport,NULL,NULL,NULL,NULL,NULL,NULL,Vernon,Wells,NULL,NULL,NULL,210,73.0,R,R,1999-08-30,NULL,,wellsve01,wellsve01,wellv001,wellsve01,wellsve01
whitalo01,0,3,15081,whitalo01,,whitalo01h,1957,5,12,USA,NY,Brooklyn,NULL,NULL,NULL,NULL,NULL,NULL,Lou,Whitaker,NULL,"Louis Rodman (Jr.)","Sweet Lou",160,71.0,L,R,1977-09-09,1995-10-01,,whitalo01,whitalo01,whitl001,whitalo01,whitalo01
whitebi03,0,7,15090,whitebi03,,,1934,1,28,USA,FL,Lakewood,NULL,NULL,NULL,NULL,NULL,NULL,Bill,White,NULL,"William De Kova",NULL,195,72.0,L,L,1956-05-07,1969-09-24,,whitebi03,whitebi03,whitb105,whitebi03,whitebi03
whitede03,0,7,15096,whitede03,,whitede03h,1962,12,29,Jamaica,,Kingston,NULL,NULL,NULL,NULL,NULL,NULL,Devon,White,NULL,"Devon Markes",Devo,182,74.0,B,R,1985-09-02,2001-10-05,,whitede03,whitede03,whitd001,whitede03,whitede03
whitefr01,0,8,15103,whitefr01,,whitefr01h,1950,9,4,USA,MS,Greenville,NULL,NULL,NULL,NULL,NULL,NULL,Frank,White,NULL,"Frank (Jr.)",NULL,170,71.0,R,R,1973-06-12,1990-09-30,"Longview CC",whitefr01,whitefr01,whitf001,whitefr01,whitefr01
willibe02,0,4,15215,willibe02,,,1968,9,13,P.R.,NULL,"San Juan",NULL,NULL,NULL,NULL,NULL,NULL,Bernie,Williams,NULL,"Bernabe (Figueroa)",NULL,205,74.0,B,R,1991-07-07,2006-10-01,,willibe02,willibe02,willb002,willibe02,willibe02
willima04,0,4,15259,willima04,,willima04h,1965,11,28,USA,CA,Bishop,NULL,NULL,NULL,NULL,NULL,NULL,Matt,Williams,NULL,"Matthew Derrick","Carson Crusher",210,74.0,R,R,1987-04-11,2003-05-31,UNLV,willima04,willima04,willm003,willima04,willima04
willite01,2,0,15275,willite01,willite01m,willite01h,1918,8,30,USA,CA,"San Diego",2002,7,5,USA,FL,Inverness,Ted,Williams,"birth certificate reads Teddy Samuel","Theodore Samuel","The Kid,The Thumper,The Splendid Splinter,Teddy Ballgame",205,75.0,L,R,1939-04-20,1960-09-28,,willite01,willite01,willt103,willite01,willite01
willsma01,1,2,15305,willsma01,willsma01m,willsma01h,1932,10,2,USA,DC,Washington,NULL,NULL,NULL,NULL,NULL,NULL,Maury,Wills,NULL,"Maurice Morning",NULL,170,71.0,B,R,1959-06-06,1972-10-04,,willsma01,willsma01,willm102,willsma01,willsma01
wilsowi02,0,1,15374,wilsowi02,,wilsowi02h,1955,7,9,USA,AL,Montgomery,NULL,NULL,NULL,NULL,NULL,NULL,Willie,Wilson,NULL,"Willie James",NULL,195,75.0,B,R,1976-09-04,1994-05-16,,wilsowi02,wilsowi02,wilsw001,wilsowi02,wilsowi02
winebo01,0,1,15385,winebo01,winebo01m,,1938,9,17,USA,NY,"New York",NULL,NULL,NULL,NULL,NULL,NULL,Bobby,Wine,NULL,"Robert Paul (Sr.)",NULL,187,73.0,R,R,1960-09-20,1972-07-08,,winebo01,winebo01,wineb101,winebo01,winebo01
winfida01,0,7,15389,winfida01,,winfida01h,1951,10,3,USA,MN,"St. Paul",NULL,NULL,NULL,NULL,NULL,NULL,Dave,Winfield,NULL,"David Mark",NULL,220,78.0,R,R,1973-06-19,1995-10-01,Minnesota,winfida01,winfida01,winfd001,winfida01,winfida01
wrighda03,0,2,17206,wrighda03,,,1982,12,20,USA,VA,Norfolk,NULL,NULL,NULL,NULL,NULL,NULL,David,Wright,NULL,"David Allen",NULL,200,72.0,R,R,2004-07-21,NULL,None,,,wrigd002,,wrighda03
yastrca01,1,7,15607,yastrca01,,yastrca01h,1939,8,22,USA,NY,Southampton,NULL,NULL,NULL,NULL,NULL,NULL,Carl,Yastrzemski,NULL,"Carl Michael",Yaz,182,71.0,L,R,1961-04-11,1983-10-02,,yastrca01,yastrca01,yastc101,yastrca01,yastrca01
youkike01,0,1,17117,youkike01,,,1979,3,15,USA,OH,Cincinnati,NULL,NULL,NULL,NULL,NULL,NULL,Kevin,Youkilis,NULL,"Kevin E.","Greek God of Walks",220,73.0,R,R,2004-05-15,NULL,Cincy,,,youkk001,,youklke01
youngmi02,0,1,15670,youngmi02,,,1976,10,19,USA,CA,Covina,NULL,NULL,NULL,NULL,NULL,NULL,Michael,Young,NULL,"Michael Brian",NULL,190,73.0,R,R,2000-09-29,NULL,,youngmi02,youngmi02,younm003,youngmi02,youngmi02
yountro01,2,1,15684,yountro01,,yountro01h,1955,9,16,USA,IL,Danville,NULL,NULL,NULL,NULL,NULL,NULL,Robin,Yount,NULL,"Robin R",NULL,170,72.0,R,R,1974-04-05,1993-10-03,,yountro01,yountro01,younr001,yountro01,yountro01
zimmery01,0,1,17492,zimmery01,,,1984,9,28,USA,NC,Washington,NULL,NULL,NULL,NULL,NULL,NULL,Ryan,Zimmerman,NULL,Ryan,NULL,210,75.0,R,R,2005-09-01,NULL,Virginia,NULL,NULL,zimmr001,NULL,zimmery01
